Site,Catalog,Scan,Coverage,Old_Scar_Length,New_Scar_Length,Total_Scar_Area,Base,Type,Technology,Weight,L,Br,T,Br1,Br2,Br3,T1,T2,T3,ScarCnt,SA_fitted,Calc_cover,GM,GM_L,GM_Br1,GM_Br2,GM_Br3,GM_T1,GM_T2,GM_T3,Mode,Typology,Dis_1,logSDI,Average_scar_area,Average_scar_area_relative,Collapsed_Types,FAC1_1,FAC2_1,filter_$,logSDI_plus_one,Note
OGS12,13,1,40,664.3,663.9,24407.99,flake,pick,Bifacial,998,183,95,64,85.01,95.68,67.43,62.15,61.79,40.34,13,58316.2977,0.418544917,76.65266106,2.387392655,1.109028686,1.248228029,0.879682441,0.810800292,0.806103782,0.526270053,2,Pick,Pick,0.348153408,1877.537692,0.032195763,Pick,0.355645548,-0.907918797,Not Selected,0.509097963, 
OGS12,15, ,90,737.8,808.3,33879.37,cobble,handaxe,Bifacial,480,133,84,63,78.99,77.8,48.14,34,63,21.38,14,32381.7132,1.046250079,56.34034668,2.360652851,1.402014802,1.380893171,0.854449836,0.603475165,1.118203982,0.379479383,2,Handaxe/Cleaver,Handaxe/Cleaver,0.635828214,2419.955,0.074732149,Handaxe,0.56178041,-0.607716173,Not Selected,0.726191371, 
OGS12,16,1,60,530.2,549.6,20916.4,cobble,handaxe,Bifacial,586,135,84,42,69.93,83.62,64.42,43.65,41.35,21.59,11,33653.6723,0.621519096,57.11104194,2.363816093,1.224456736,1.464165198,1.12797802,0.764300537,0.724028114,0.378035477,2,Handaxe/Cleaver,Handaxe/Cleaver,0.514360224,1901.490909,0.056501736,Handaxe,0.786874884,0.100832483,Not Selected,0.630284271, 
OGS12,17, ,10,216.8,213.25,7318.745,flake,Flake,Unidirectional,618,167.3,107.59,53,91.75,96.79,55.15,43.49,45.29,23.94,4,45062.09383,0.162414668,62.82637251,2.662894471,1.460373985,1.540595074,0.877816079,0.692225227,0.720875616,0.381050171,2,Retouched Flake/Knife,Handaxe/Cleaver,-0.051751376,1829.68625,0.040603667,Flake,1.400968562,-0.560564864,Selected,0.275924701, 
OGS12,22, ,80,798.6,826.55,39215.7818,cobble,pick,Bifacial,1016,159,110,75,89.15,97.95,64.39,53.76,71.97,40.7,11,51712.897,0.758336587,75.57249961,2.103939936,1.17966192,1.296106395,0.852029512,0.71136988,0.952330548,0.538555694,2,Pick,Handaxe/Cleaver,0.327793817,3565.071073,0.06893969,Pick,-0.112446723,-0.364878138,Not Selected,0.495145789, 
OGS12,55, ,25,250.2,206.68,8374.4229,flake,Flake,Unidirectional,618,125,123,45,78.93,86.23,77.4,34.12,44.3,26.14,6,33642.99427,0.248920261,59.37586788,2.105232386,1.329327938,1.452273509,1.303559893,0.574644232,0.746094358,0.440246197,2,Retouched Flake/Knife,Retouched Flake/Knife,0.251256609,1395.73715,0.04148671,Flake,0.505414846,1.127946068,Selected,0.44458065, 
OGS12,57, ,25,238,285.84,11958.3456,flake,handaxe,Unifacial simple,640,145,113,51,81.71,111.07,61.96,36.27,49.55,30.73,4,40759.01917,0.293391398,64.21605109,2.258002439,1.272423306,1.729629869,0.964867801,0.564812058,0.771613937,0.478540793,2,Handaxe/Cleaver,Retouched Flake/Knife,-0.008163733,2989.5864,0.073347849,Handaxe,0.74178613,0.570836576,Selected,0.296967311, 
OGS12,58, ,25,286,289.75,11131,flake,Core,Unidirectional,562,137,82,48,68.84,82.18,48.75,38.24,45.53,30.39,5,32786.22743,0.339502312,57.18262131,2.395832805,1.203862265,1.437149926,0.852531746,0.668734646,0.796220931,0.531455175,1,Core,Handaxe/Cleaver,0.183278557,2226.2,0.067900462,Core,0.602102612,-0.480872567,Not Selected,0.402266645, 
OGS12,59, ,5,227.2,277.6,6394.71,flake,Flake,Unidirectional,854,170,116.84,37,106.52,116.84,92.31,33.93,35.97,22.14,8,51865.10033,0.123295047,65.68843255,2.587974677,1.621594486,1.778699772,1.405270249,0.516529299,0.547584995,0.337045643,2,Retouched Flake/Knife,Retouched Flake/Knife,0.188214765,799.33875,0.015411881,Flake,1.953179823,1.345103691,Selected,0.405254647, 
OGS12,60, ,40,345.6,356.4,10004.04,flake,handaxe,Unidirectional,438,128,78,47,63.17,72.29,42.59,36.9,46.3,27,6,28078.23633,0.356291609,52.82849784,2.422934689,1.195756128,1.368390224,0.80619366,0.698486641,0.876420907,0.511087786,2,Handaxe/Cleaver,Handaxe/Cleaver,0.329781425,1667.34,0.059381935,Handaxe,0.53355332,-0.827985157,Selected,0.496498785, 
OGS12,61, ,0, ,0,0,flake,Flake, ,674,136.6,86.5,50.2,86,81,62.5,39,49.7,40.3,0,38520.15,0,64.50259329,2.117744311,1.333279727,1.255763464,0.96895329,0.604626853,0.770511656,0.624781082,2,Large Flake,Oldowan,0, , ,Flake,0.11185746,0.158920689,Selected,0, 
OGS12,62, ,15,258.3,248.5,10934.7,flake,Flake,Unidirectional,644,153.62,109,58,67,101.9,63.94,26.05,48.35,52.42,3,41931.06427,0.260778022,64.06130778,2.39801536,1.045873123,1.590663749,0.99810638,0.406641714,0.754745753,0.818278643,2,Retouched Flake/Knife,Large Flake,-0.145414631,3644.9,0.086926007,Flake,0.656854135,0.225503489,Selected,0.2343806, 
OGS12,63,1,40,160.4,276.84,10010.0371,flake,handaxe,Unidirectional,750,167,86,47,86,77.38,38.17,33.88,44.81,30.86,4,38727.4062,0.258474246,57.13433193,2.922936076,1.505224566,1.354352057,0.668074671,0.592988469,0.784292009,0.540130583,2,Handaxe/Cleaver,Pick,0.014041581,2502.509275,0.064618561,Handaxe,1.567594654,-1.60623509,Selected,0.308107532, 
OGS12,64, ,0, ,0,0,flake,Flake, ,310,112.12,83.4,37.94,80,72,50,35.24,35.37,22.2,0,25965.2648,0,50.96827439,2.199799804,1.569603856,1.41264347,0.98100241,0.691410498,0.693961105,0.43556507,2,Large Flake,Handaxe/Cleaver,0, , ,Flake,0.608637013,0.385698787,Selected,0, 
OGS12,65, ,60,668.2,660.61,20439.7512,flake,handaxe,Bifacial,750,108,106,38,74.08,105.36,67.8,45.02,37.22,32.9,13,31657.0616,0.645661668,61.0220578,1.769851819,1.213987248,1.726588775,1.111073642,0.737766008,0.609943377,0.539149304,2,Handaxe/Cleaver,Retouched Flake/Knife,0.613472751,1572.288554,0.049666282,Handaxe,-0.088553095,1.653722443,Selected,0.708124079, 
OGS12,66, ,85,654,683,24150.64,flake,pick,Multifacial,772,151,74,63,74.37,69.7,40.36,62.42,74.13,40,12,42595.22873,0.566979935,66.65735245,2.265316495,1.115705879,1.045646091,0.605484594,0.936430832,1.112105376,0.60008384,2,Pick,Pick,0.449820291,2012.553333,0.047248328,Pick,-0.367204783,-1.904626932,Not Selected,0.581746843, 
OGS12,70, ,70,747.9,858.2,34811.34,flake,pick,Multifacial,1018,166,100.28,83,100.28,86,64.92,75.76,74,46.11,9,60066.42067,0.579547435,81.56873751,2.035093408,1.229392572,1.0543255,0.795893157,0.928787208,0.907210314,0.565290103,2,Pick,Pick,0.175610756,3867.926667,0.064394159,Pick,-0.477722204,-0.845186289,Not Selected,0.397651771, 
OGS12,74,1,80,792,836.2,31846.08,cobble,pick,Multifacial,896,150,90,73,86.88,73.77,44.09,70.15,57.66,35.18,15,44418.7182,0.716951801,66.95385478,2.240348976,1.297610127,1.101803626,0.658513242,1.047736538,0.861190146,0.525436513,2,Pick,Pick,0.528525237,2123.072,0.047796787,Pick,-0.120476569,-1.443246833,Not Selected,0.641172054, 
OGS12,75, ,0, ,0,0,flake,Flake, ,398,130.9,77.5,37.7,75,76.1,33.1,25.7,34.8,36.6,0,27687.07333,0,50.25420771,2.604757014,1.492412345,1.51430106,0.658651315,0.511399964,0.692479328,0.728297225,2,Large Flake,Large Flake,0, , ,Flake,1.093718884,-0.648630477,Selected,0, 
OGS12,76, ,100, ,472.9,12122.01,cobble,Core,Multifacial,120,60,51.3,43.5,43,50.8,39.6,30,43,35.6,14,12379.76,0.979179726,42.20043248,1.421786377,1.018946903,1.203779132,0.938379009,0.710893188,1.018946903,0.84359325,1,Core,Core,1.05341581,865.8578571,0.069941409,Core,-1.60635891,0.736554351,Not Selected,1.09021506, 
OGS12,78, ,25, ,352.69,18231.36,flake,Flake,Unidirectional,1018,151.9,145.61,58.91,123,110,63.36,53.6,58.7,48.3,5,55927.904,0.325979676,79.33935767,1.914560496,1.550302443,1.386449339,0.798594819,0.675578951,0.739859784,0.608777301,2,Retouched Flake/Knife,Oldowan,-0.048658539,3646.272,0.065195935,Flake,-0.108781191,0.492426088,Selected,0.277381835, 
OGS12,79, ,80, ,384,37344.8422,cobble,pick,Multifacial,874,145.17,115.53,71.84,100.39,74.15,37.25,55.59,71.75,65.91,9,47235.5988,0.790607998,72.55269048,2.00089065,1.383684042,1.022015855,0.513419968,0.766201772,0.988936448,0.908443223,2,Pick,Pick,0.279973084,4149.426911,0.087845333,Pick,-0.771139912,-1.148766171,Not Selected,0.463197356, 
OGS12,86, ,0, ,0,0,flake,Flake, ,342,123.5,90.5,38.5,65.1,89.2,56.8,30.5,37,18.6,0,27511.49667,0,50.64865875,2.438366643,1.285325251,1.761152263,1.121451217,0.602187713,0.7305228,0.367235786,2,Large Flake,Retouched Flake/Knife,0, , ,Flake,1.220490021,0.58313941,Selected,0, 
OGS12,102,1,65,383,399.9,10898.54,flake,pick,Bifacial,412,129,81,46,67.55,79.85,51.46,28.58,43.38,36.07,10,30179.2812,0.36112656,55.39798321,2.328604626,1.219358469,1.441388212,0.928914683,0.515903258,0.783060998,0.651106735,2,Pick,Large Flake,0.520291108,1089.854,0.036112656,Pick,0.535491582,-0.023279169,Not Selected,0.634832978, 
OGS12,104, ,50, ,354.48,25063.9656,cobble,Core,Multifacial,892,117.43,107.41,77,103,105,53.17,59,73,52,4,43692.7154,0.573641747,76.3496778,1.538054952,1.349056119,1.375251383,0.696401105,0.772760301,0.956127152,0.681076876,1,Core,Oldowan,-0.038349045,6265.9914,0.143410437,Core,-1.115644347,0.528705024,Not Selected,0.282278623, 
OGS12,109, ,30,214,214,6846.5,flake,Flake,Bifacial,250,100,70.2,36,59.58,70.2,55.46,34.51,31.19,19.59,11,21177.90053,0.323285115,46.76447199,2.138375475,1.274044108,1.501139583,1.185943038,0.737953376,0.666959311,0.418907756,2,Retouched Flake/Knife,Retouched Flake/Knife,0.715509781,622.4090909,0.029389556,Flake,0.496230016,0.784995038,Selected,0.791977772, 
OGS12,110,1,40,396.2,376.21,14622.97,flake,Flake,Unidirectional,436,119,93,46,93.24,83.59,52.3,45.31,31.4,18.54,7,30928.49307,0.472799304,53.65089291,2.218043234,1.73790211,1.558035579,0.974820682,0.84453394,0.585265189,0.345567408,2,Retouched Flake/Knife,Retouched Flake/Knife,0.35473928,2088.995714,0.067542758,Flake,0.873765634,0.595177804,Selected,0.513655029, 
OGS12,112, ,20,198.4,167.1,7661.88,cobble,Core,Unifacial simple,1374,132,108,95,103.83,103.5,78.76,88.86,94.53,84.92,4,64701.833,0.118418283,96.8095941,1.363501223,1.072517667,1.069108914,0.81355573,0.917884233,0.976452808,0.877185787,1,Core,Core,-0.208856593,1915.47,0.029604571,Core,-1.90995029,0.274027911,Not Selected,0.2090377, 
OGS12,113, ,30, ,234.88,5618.2672,flake,Flake,Unifacial simple, ,126,80.62,42,47,78,48.6,41.22,40.37,20.33,4,26069.058,0.215514776,49.798329,2.530205381,0.943806769,1.566317617,0.975936361,0.827738618,0.810669772,0.40824663,2,Retouched Flake/Knife,Handaxe/Cleaver,0.185934653,1404.5668,0.053878694,Flake,0.828719195,-0.668698977,Selected,0.403872776, 
OGS12,114, ,70,483.6,492.4,18840.95,cobble,Core,Multifacial,430,115,78,42,73.87,71.33,61.77,50.99,49.98,32.04,12,31810.87543,0.592280148,60.75730548,1.8927765,1.21582087,1.174015198,1.016667864,0.839240641,0.822617126,0.527343992,1,Core,Oldowan,0.576605625,1570.079167,0.049356679,Core,-0.444263697,0.158411156,Not Selected,0.678727264, 
OGS12,115,1,15,225.2,212.5,8264.85,flake,Flake,Unidirectional,782,121,114,50,82.95,99.37,67.2,47.05,44.63,27.15,4,35440.84417,0.233201274,62.72702168,1.928993227,1.322396597,1.58416576,1.071308635,0.750075466,0.711495601,0.432827819,2,Retouched Flake/Knife,Retouched Flake/Knife,0.052555934,2066.2125,0.058300318,Flake,0.132404007,1.046948817,Selected,0.328102482, 
OGS12,125, ,97,653,643.8,30739.2,cobble,Core,Multifacial,604,108,82,76,82,60.75,45.58,53.39,76,70.49,10,35542.0342,0.864868899,68.41274769,1.578653155,1.198607025,0.8879924,0.6662501,0.780410111,1.110904072,1.030363527,1,Core,Core,0.44925772,3073.92,0.08648689,Core,-1.760776665,-0.542869312,Not Selected,0.581331719, 
OGS12,127, ,5, ,64.19,3208.2162,cobble,Core,Unifacial simple,1142,115.37,102,86.22,89,101,82,81.9,86,70,1,52247.20867,0.061404547,88.32247224,1.306236081,1.007671069,1.143536831,0.928416041,0.927283826,0.973704628,0.792550279,1,Core,Core,-0.718063093,3208.2162,0.061404547,Core,-1.895357654,0.644685058,Not Selected,0.076056788, 
OGS12,134, ,25,170.1,176.77,9961.25,cobble,Core,Bifacial,1078,118,102,73,84.4,104.7,75.6,67.15,73.75,55.49,3,46134.91733,0.215915636,80.37153122,1.468181559,1.050123081,1.302700078,0.940631575,0.835494845,0.917613474,0.690418599,1,Core,Core,-0.186908492,3320.416667,0.071971879,Core,-1.352776103,0.778711457,Not Selected,0.217554134, 
OGS12,135, ,15,121.6,130,5366.5,cobble,Core,Bifacial,454,117,67,60,60.54,66.92,55.53,47.83,59.95,49.74,2,32217.4704,0.166571116,62.56885049,1.86994006,0.967574113,1.069541784,0.887502321,0.764437889,0.958144501,0.794964261,1,Core,Oldowan,-0.207061443,2683.25,0.083285558,Core,-0.943649835,-0.393498237,Not Selected,0.209724391, 
OGS12,139, ,15,116.1,121,3454.25,cobble,Core,Unifacial simple,430,110,68,50,63.39,67.93,51.87,52.87,68.83,46.61,3,31545.75667,0.109499672,63.50922063,1.732031962,0.998122782,1.069608465,0.816731799,0.832477544,1.083779636,0.733909179,1,Core,Core,-0.021819694,1151.416667,0.036499891,Core,-1.254323534,-0.449218005,Not Selected,0.290257166, 
OGS12,144, ,35,277.5,344.24,12942.2,cobble,Core,Bifacial,502,115,86,63,68.14,83.16,66.21,21.54,56.25,58.66,5,32488.54753,0.398361915,60.78646713,1.891868461,1.120973191,1.368067662,1.089222702,0.354355188,0.925370443,0.965017425,1,Core,Large Flake,0.187239709,2588.44,0.079672383,Core,-0.432276586,0.937219068,Not Selected,0.404663361, 
OGS12,226,1,95,746.2,841.32,36130.3914,flake,handaxe,Bifacial,742,156,106,57,96.86,90.31,50.24,50.41,55,26.4,14,44607.9286,0.809954475,65.2172602,2.392004809,1.485189652,1.384756117,0.770348215,0.772954887,0.843335029,0.404800814,2,Handaxe/Cleaver,Handaxe/Cleaver,0.496715979,2580.742243,0.057853891,Handaxe,0.683005203,-0.677390135,Selected,0.616838292, 
OGS12,2012,1,95,753,751.5,45709.184,flake,pick,Bifacial,794,174,84,75,67.42,82.58,58.12,34.6,73.57,51.2,10,47937.316,0.953519884,68.85583617,2.527018909,0.979147212,1.199317365,0.844082408,0.502499162,1.068464259,0.743582576,2,Pick,Pick,0.319326286,4570.9184,0.095351988,Pick,0.342966958,-1.298125948,Not Selected,0.489404021, 
OGS12,2042, ,65,541,657.14,29212.443,cobble,handaxe,Bifacial,794,158,86,60,64.74,84.12,58.27,39.54,60,25.41,10,39019.55363,0.74866164,60.66099375,2.604639163,1.067242655,1.386723079,0.960584329,0.651819193,0.98910348,0.418885324,2,Handaxe/Cleaver,Handaxe/Cleaver,0.408717703,2921.2443,0.074866164,Handaxe,0.870642094,-0.989777875,Not Selected,0.551793593, 
OGS12,3050, ,35,837.9,574.2,17939.65,flake,handaxe,Unidirectional,862,154.95,82.7,72.15,74.18,81.73,62.11,66.87,55.56,26.18,10,44459.3354,0.403506931,66.37397169,2.334499444,1.117606768,1.231356177,0.935758377,1.007473235,0.837075115,0.394431723,2,Handaxe/Cleaver,Pick,0.352037034,1793.965,0.040350693,Handaxe,0.25998094,-0.970685711,Selected,0.511782646, 
OGS12,5004, ,35,492.8,475.5,19119.21,flake,pick,Unidirectional,914,160,104.78,66.39,84.34,89.51,47.58,42.58,66,28.34,8,43163.6144,0.442947382,64.36607127,2.485781668,1.310317662,1.390639482,0.739209323,0.661528646,1.025384938,0.440294078,2,Pick,Handaxe/Cleaver,0.267972183,2389.90125,0.055368423,Pick,0.668963867,-1.064514031,Not Selected,0.455364621, 
OGS12,5005, ,85,756,792.5,42440.34,cobble,pick,Bifacial,1048,176,94,67,88.89,73.41,53.62,60.74,60.96,29.96,9,50135.02047,0.846520847,68.15556289,2.58232773,1.304222227,1.077094765,0.786729619,0.891196513,0.894424423,0.439582607,2,Pick,Pick,0.254101313,4715.593333,0.094057872,Pick,0.609464365,-1.722638805,Not Selected,0.446405485, 
OGS12,5011, ,30,209.4,232.62,7288.1687,cobble,handaxe,Bifacial,444,121,82,48,73.59,81.28,69.5,43.75,37.69,15.09,6,30154.25083,0.241696229,53.48222219,2.26243404,1.375971248,1.519757345,1.299497238,0.818028837,0.704720157,0.282149832,2,Handaxe/Cleaver,Retouched Flake/Knife,0.298802707,1214.694783,0.040282705,Handaxe,0.855112548,0.736931358,Not Selected,0.475637666, 
OGS12,5017, ,0, ,0,0,flake,Flake, ,666,160,91.42,51.62,73,89,56,40,52,15,0,38426.66667,0,56.40411398,2.836672518,1.294231836,1.577899088,0.992835381,0.709168129,0.921918568,0.265938049,2,Large Flake,Handaxe/Cleaver,0, , ,Flake,1.639188989,-0.931942894,Selected,0, 
OGS12,5022, ,80,846.6,659.1,20637.97,flake,handaxe,Bifacial,474,142,82,51,58.9,81.14,46.54,48.89,49.9,20.92,17,32848.69113,0.628273739,55.4506645,2.560834956,1.062205485,1.463282735,0.83930464,0.881684655,0.899899044,0.377272305,2,Handaxe/Cleaver,Handaxe/Cleaver,0.713930852,1213.998235,0.036957279,Handaxe,0.76337417,-1.190393042,Selected,0.79065414, 
OGS12,5024, ,40,456.3,552.2,17461.84,flake,handaxe,Bifacial,624,151,80.58,51.1,75.84,80.58,39.6,45.99,51.91,32.13,13,37582.59627,0.464625697,60.01113499,2.516199702,1.263765466,1.342750808,0.659877538,0.766357777,0.865006136,0.535400639,2,Handaxe/Cleaver,Pick,0.538956574,1343.218462,0.035740438,Handaxe,0.611054203,-1.320906853,Selected,0.649242136, 
OGS12,5025, ,75,777,765.4,29038.81,cobble,pick,Multifacial,738,160,83,70,83,57.38,33.82,50.62,70.76,40.86,14,41470.27853,0.700231853,62.61071307,2.555473212,1.325651729,0.916456581,0.54016315,0.808487837,1.130158028,0.652603971,2,Pick,Pick,0.528391083,2074.200714,0.050016561,Pick,0.144101764,-2.47791065,Not Selected,0.641068554, 
OGS12,5026, ,75,537,555.9,39938.41,cobble,Core, ,1206,158,101,74,84.2,101,58.7,64.2,80.6,76.5,6,58897.25667,0.67810306,84.67983881,1.86585145,0.994333494,1.192727825,0.693199241,0.758149766,0.951820423,0.903402759,1,Core,Core,0.008056184,6656.401667,0.113017177,Core,-0.995537782,-0.537353395,Not Selected,0.305076768, 
OGS12,5030, ,25,339.2,373.2,9825.1,flake,handaxe,Unidirectional,728,156,94,47,75.09,90.69,73.64,34.46,46.54,27.79,8,40847.897,0.240528907,61.91171993,2.519716787,1.212855984,1.464827663,1.18943554,0.556598977,0.751715508,0.448864933,2,Handaxe/Cleaver,Handaxe/Cleaver,0.291920285,1228.1375,0.030066113,Handaxe,1.109029021,0.122770213,Selected,0.471069395, 
OGS12,5031, ,50, ,304.42,11076.4895,cobble,Core,Multifacial,400,90,70.14,62,53.8,65,59.9,59.69,60.93,50.45,6,27219.477,0.406932488,61.84147531,1.455333974,0.869966309,1.051074537,0.968605611,0.965209832,0.9852611,0.815795544,1,Core,Core,0.343271474,1846.081583,0.067822081,Core,-1.796380213,0.176262025,Not Selected,0.505733702, 
OGS12,5033, ,90, ,1064.6,49500.86,cobble,pick,Multifacial,1082,182.88,109.91,72.52,88.94,94.41,45.43,63.21,51,49.51,11,55724.7367,0.888310344,73.08199994,2.502394572,1.216989136,1.291836568,0.621630498,0.864918859,0.697846255,0.677458198,2,Pick,Pick,0.29534466,4500.078182,0.080755486,Pick,0.47288425,-1.411961607,Not Selected,0.473339313, 
OGS12,5032, ,65,682.2,612.8,29865.71,cobble,pick,Multifacial,986,166,107,72,88.58,87.24,43.08,57.14,62.35,61.25,9,51926.93787,0.575148684,73.9196157,2.245682671,1.198328741,1.180200941,0.582795238,0.773001854,0.843483822,0.828602793,2,Pick,Pick,0.238849796,3318.412222,0.063905409,Pick,-0.19574081,-1.228029173,Not Selected,0.43667212, 
OGS12,5034, ,5,207.5,251.9,6933.3,flake,Flake,Unidirectional,774,165,109,39,92.67,105.66,92.31,20.87,37.71,28.83,5,46180.8202,0.150133756,61.64745546,2.676509497,1.503225061,1.713939354,1.497385404,0.338537898,0.61170408,0.467659205,2,Retouched Flake/Knife,Large Flake,0.034508362,1386.66,0.030026751,Flake,2.003679594,1.317377449,Selected,0.318626834, 
OGS12,5035, ,75,1057.6, , ,cobble,pick,Multifacial,1080,184,110,66,102.53,94.31,54.75,71.56,91,53.56,16,67641.88347, ,85.7083782,2.146814627,1.196265781,1.100359171,0.638794026,0.83492421,1.061739843,0.624909736,2,Pick,Pick,0.373904291, , ,Pick,-0.418617753,-1.340289066,Not Selected,0.527036478,tip broken off at least 25mm
OGS12,2015-13, ,0, ,0,0,flake,Flake, ,642,125,102.76,63.6,69.6,73.8,48.48,42.45,61.5,44,0,33406.80667,0,62.13478731,2.011755498,1.120145461,1.187740446,0.780239252,0.683192167,0.989783705,0.708137935,2,Large Flake,Oldowan,0, , ,Flake,-0.515297167,-0.525861276,Selected,0, 
OGS12,2015-14, ,10, ,125.85,6771.768,flake,Flake,Unifacial simple,526,143.8,103.4,42.4,87.8,103.8,57.9,33.8,39,24,2,37555.86667,0.180311855,58.69720337,2.449861182,1.495812321,1.76839771,0.986418376,0.575836634,0.664426885,0.408878083,2,Retouched Flake/Knife,Retouched Flake/Knife,-0.273647793,3385.884,0.090155928,Flake,1.322599792,0.552580041,Selected,0.185411809, 
OGS12,2015-15, , , ,514,25710.29,flake,pick,Unidirectional,754,124.04,98.79,65.54,97.32,91.93,67.25,66.57,57.85,45.7,7,44830.54727,0.573499356,74.82707855,1.657688666,1.300598685,1.228565939,0.898738816,0.889651197,0.773115844,0.610741471,2,Pick,Oldowan,0.193523999,3672.898571,0.081928479,Pick,-0.860158766,0.494360226,Not Selected,0.408483394, 
OGS12,2015-22, ,5, ,119.07,3697.511,flake,Flake,Unifacial simple,822,150.29,95.47,49.61,82,94,74.4,48.7,40,28.1,3,42875.032,0.086239259,64.64490261,2.324854612,1.26846815,1.454097635,1.150902809,0.753346328,0.618764951,0.434682378,2,Retouched Flake/Knife,Handaxe/Cleaver,-0.155083202,1232.503667,0.02874642,Flake,0.77468121,0.341938318,Selected,0.230374301, 
OGS5,1, ,10,393.6,380.12,10793.82,cobble,handaxe,Unidirectional,896,183,119,44,97.35,119.04,81.72,42.94,38.68,24.13,12,55423.0326,0.194753327,68.31728406,2.678677915,1.424968825,1.742458027,1.196183384,0.628537867,0.566181758,0.353204908,2,Handaxe/Cleaver,Large Flake,0.335490961,899.485,0.016229444,Handaxe,1.813946594,0.47856602,Not Selected,0.500396329, 
OGS5,4, ,35, ,438.95,20372.99,flake,handaxe, ,882,160,93,68.3,72.6,93,57.9,57.9,61,28,8,45334.07333,0.449396855,67.1955711,2.381109311,1.08042835,1.384019787,0.861663932,0.861663932,0.907797925,0.416694129,2,Handaxe/Cleaver,Handaxe/Cleaver,0.246665244,2546.62375,0.056174607,Handaxe,0.402462903,-0.909622675,Selected,0.441644412, 
OGS5,9, ,0, ,0,0,flake,Flake, ,744,160,109,39,92.3,104.2,83.7,34.7,35.5,38.8,0,47965.03667,0,67.14960893,2.382739119,1.374542629,1.551758851,1.246470401,0.516756546,0.528670242,0.577814236,2,Large Flake,Large Flake,0, , ,Flake,1.107735772,0.963987163,Selected,0, 
OGS5,10, ,40,454.51,410,20718.28,flake,Flake,Unidirectional,704,142,93,57,90.3,89.21,80.28,28.5,53.61,59.77,7,45396.6456,0.4563835,70.1817862,2.023316984,1.286658617,1.271127522,1.143886532,0.406088268,0.763873405,0.851645466,2,Retouched Flake/Knife,Large Flake,0.188074276,2959.754286,0.065197643,Flake,-0.029260817,0.867387853,Selected,0.405169421, 
OGS5,11, ,0, ,0,0,flake,Flake, ,280,128.6,84.4,45.3,67.5,83.2,62.3,20,23.9,43.6,0,29829.14667,0,51.32107984,2.505792949,1.315249021,1.6211662,1.213926133,0.389703414,0.465695579,0.849553441,2,Large Flake,Large Flake,0, , ,Flake,1.249456076,0.942395394,Selected,0, 
OGS5,12, ,0, ,0,0,flake,Flake, ,466,135.5,103.9,31.8,98.3,91.5,79,31.7,32.2,24.6,0,37335.61,0,58.75649641,2.306127974,1.673006493,1.557274609,1.344532176,0.53951481,0.548024507,0.418677108,2,Large Flake,Retouched Flake/Knife,0, , ,Flake,1.261856846,1.438918645,Selected,0, 
OGS5,14, ,0, ,0,0,flake,Flake, ,606,146.8,79.2,51.75,75,78.5,59.62,27.3,49.5,29.15,0,35011.74033,0,57.30703082,2.561640306,1.308739939,1.369814469,1.040361002,0.476381338,0.863768359,0.508663589,2,Large Flake,Handaxe/Cleaver,0, , ,Flake,1.043144496,-0.321723299,Selected,0, 
OGS5,18, ,0, ,0,0,flake,Flake, ,526,136.1,85.8,41.9,86.8,81.2,68.3,35.9,40,32,0,36532.13333,0,60.62692923,2.244877016,1.431707017,1.339338822,1.126562088,0.592146105,0.659772819,0.527818255,2,Large Flake,Large Flake,0, , ,Flake,0.631770778,0.519960117,Selected,0, 
OGS5,19, ,30,227.3,237.5,8388.7,cobble,Core,Bifacial,644,96,88,66,77.9,83.86,64.4,57.2,61.94,63.16,5,34664.824,0.241994594,70.93581098,1.353336188,1.098175927,1.182195549,0.907863026,0.806362812,0.873183786,0.890382434,1,Core,Core,0.159081005,1677.74,0.048398919,Core,-1.69991462,0.863363032,Not Selected,0.38781401, 
OGS5,2, ,65,797.47, , ,indet,pick,Bifacial,840,165,73,53,74.6,73,54.4,52.5,52.7,36.16,17,43653.204, ,64.97754032,2.539338965,1.148089011,1.123465118,0.837212362,0.807971489,0.811049476,0.556499982,2,Pick,Pick,0.590432796, , ,Pick,0.514828028,-1.415045668,Not Selected,0.689693285,too exfoliated for scar measures
OGS5,21, ,5, ,191.4,6590.88,flake,Flake,Multifacial,946,168,98.2,53,89.8,97.5,72.2,51,50,23.5,3,49284.5,0.133731295,67.46912343,2.490027904,1.330979201,1.44510548,1.070119135,0.755901328,0.741079733,0.348307475,2,Retouched Flake/Knife,Handaxe/Cleaver,-0.2155891,2196.96,0.044577098,Flake,1.035276905,-0.200672051,Selected,0.206477937, 
OGS5,23, ,0, ,0,0,flake,Flake, ,438,134.6,102,33.5,90,100.3,80,20,30,29.1,0,35480.82667,0,55.86029784,2.40958257,1.611162194,1.795550756,1.432144172,0.358036043,0.537054065,0.520942443,2,Large Flake,Large Flake,0, , ,Flake,1.631721732,1.91869364,Selected,0, 
OGS5,2013-1, ,55,519.9,540.5,21141.81,flake,handaxe,Unidirectional,824,170,106,50,102.75,103.43,84.11,31.12,38.9,20.41,10,48062.53177,0.439881322,62.5698769,2.716962353,1.642164011,1.65303186,1.34425708,0.497363932,0.621704915,0.326195304,2,Handaxe/Cleaver,Retouched Flake/Knife,0.318193356,2114.181,0.043988132,Handaxe,2.048188007,0.782567396,Selected,0.488638527, 
OGS5,2013-2, ,15,286.51,258.8,8751.4,flake,Flake,Unidirectional,634,161,105,38,91.59,105,72.16,38.53,47.4,39.22,7,48637.6779,0.179930465,69.71410741,2.309432136,1.313794344,1.506151393,1.035084615,0.55268584,0.679919772,0.562583406,2,Retouched Flake/Knife,Large Flake,0.158125208,1250.2,0.025704352,Flake,0.736237743,0.418751272,Selected,0.387249805, 
OGS5,3, ,50,1014.4,1006.06,37915.486,cobble,pick,Bifacial,1718,237,109,80,95.62,93.59,67.13,81.5,50.7,34.3,16,76904.309,0.493021607,79.56103235,2.978845209,1.201844636,1.176329633,0.843754763,1.024370821,0.637246633,0.431115572,2,Pick,Pick,0.318169308,2369.717875,0.03081385,Pick,1.409308004,-2.157430632,Not Selected,0.488622286, 
OGS5,29, ,60, ,252.86,14396.358,cobble,Core, ,538,99.48,98.31,53,86.38,80,52.68,50,51,53.24,3,31880.9392,0.451566308,65.02714819,1.529822586,1.328368265,1.230255397,0.810123179,0.768909623,0.784287816,0.818734967,1,Core,Oldowan,-0.026409852,4798.786,0.150522103,Core,-1.1772853,0.705449881,Not Selected,0.28802579, 
OGS5,31, ,0, ,0,0,flake,Flake, ,466,134,87.67,46.8,82,74.35,75,17.6,30.96,41.11,0,33204.23667,0,54.19156734,2.472709438,1.513150551,1.371984677,1.383979163,0.324773777,0.571306598,0.758605112,2,Large Flake,Large Flake,0, , ,Flake,1.233605467,1.056346149,Selected,0, 
OGS5,32, ,0, ,0,0,flake,Flake, ,330,111.11,92,37.39,83,85.56,62.68,16.65,34.65,37.18,0,27395.11853,0,52.23374009,2.12716914,1.589011238,1.638021705,1.199990655,0.318759483,0.66336433,0.711800456,2,Large Flake,Large Flake,0, , ,Flake,0.763098347,1.688177939,Selected,0, 
OGS5,33, ,0, ,0,0,flake,Flake, ,428,121.75,95.17,49.17,74.73,92,74,30,46.86,39.3,0,34117.67167,0,61.74676752,1.971763137,1.210265784,1.489956539,1.198443303,0.485855393,0.758906124,0.636470565,2,Large Flake,Retouched Flake/Knife,0, , ,Flake,0.106646073,1.23891043,Selected,0, 
OGS5,34, ,40, ,173.53,6856.6822,cobble,Core,Bifacial,308,87.16,75.5,58.52,60.3,74.41,40.29,40.97,53.94,48.04,3,22881.03727,0.299666581,55.74502882,1.563547492,1.081710805,1.334827546,0.72275503,0.734953428,0.967619914,0.86178088,1,Core,Core,0.117645546,2285.560733,0.09988886,Core,-1.329821661,0.332877837,Not Selected,0.363824257, 
OGS5,35, ,60, ,280.22,9161.1185,cobble,Core, ,306,93,77.54,49.69,67,76,62,46,48,34,7,25836,0.354587339,57.9855987,1.603846508,1.155459312,1.310670265,1.069231005,0.793300423,0.827791746,0.586352487,1,Core,Oldowan,0.432872764,1308.731214,0.050655334,Core,-0.873584768,0.979653297,Not Selected,0.569303403, 
OGS5,36, ,100,876.07,981.2,49145.64,indet,handaxe,Bifacial,860,150,85,70,81.25,85.04,75.06,41,64.56,65.39,13,49469.4234,0.993454878,75.09322161,1.997517177,1.081988471,1.132459071,0.999557595,0.545988028,0.859731393,0.870784321,2,Handaxe/Cleaver,Oldowan,0.419606504,3780.433846,0.076419606,Handaxe,-0.467415582,0.07614738,Not Selected,0.559653619,core/protobiface?
OGS5,37, ,0, ,0,0,flake,Flake, ,1236,160,129,58,100,126.7,87.7,58,53,32,0,57395.73333,0,77.95095374,2.052572705,1.282857941,1.625381011,1.125066414,0.744057606,0.679914709,0.410514541,2,Large Flake,Retouched Flake/Knife,0, , ,Flake,0.406906062,0.991500154,Selected,0, 
OGS5,30+25, ,0, ,0,0,flake,Flake, ,1572,196,120,54.4,113.65,117,91,47,47,22,0,64529.81667,0,73.44344214,2.668720233,1.547449257,1.593062588,1.239048679,0.639948219,0.639948219,0.29955023,2,Large Flake,Retouched Flake/Knife,0, , ,Flake,1.769635386,0.358303098,Selected,0, 
OGS5,40, ,0, ,0,0,flake,Flake, ,904,160,105.6,61.34,72,101.36,65,56.74,59.3,25,0,46179.61333,0,67.49977933,2.37037812,1.066670154,1.501634539,0.962966111,0.840595341,0.878521391,0.370371581,2,Large Flake,Handaxe/Cleaver,0, , ,Flake,0.55347911,-0.495044679,Selected,0, 
OGS5,42, ,75,658.91,829.1,44244.29,cobble,pick,Multifacial,900,168,94,90,92.17,80.67,47.82,74,90,50.44,7,57963.8208,0.763308722,79.49738246,2.113277127,1.159409243,1.014750392,0.601529239,0.930848258,1.132112746,0.634486299,2,Pick,Pick,0.081941035,6320.612857,0.109044103,Pick,-0.654663451,-1.664664583,Not Selected,0.343930194, 
OGS5,43, ,5, ,139.75,3330.602,flake,Flake, ,888,152.3,105.5,49.5,85.8,103.7,75.7,48.6,50.9,28,4,46161.62,0.072150891,68.53921563,2.22208554,1.251838079,1.513002433,1.104477186,0.709083107,0.742640538,0.408525247,2,Retouched Flake/Knife,Handaxe/Cleaver,-0.06222105,832.6505,0.018037723,Flake,0.577727995,0.443611978,Selected,0.271032814, 
OGS5,46, ,100,1386.88,1401.81,76129.8202,indet,pick,Multifacial,1514,216,103,100.4,86.09,103,47.49,61.75,96.87,54.4,16,72641.9135,1.048015072,84.03637063,2.570315667,1.024437388,1.225659785,0.565112458,0.734800891,1.152715179,0.64733876,2,Pick,Pick,0.342932707,4758.113763,0.065500942,Pick,0.247724894,-2.156631431,Not Selected,0.505500686, 
OGS5,47, ,0, ,0,0,flake,Flake, ,688,156,78.43,49.69,72.81,75.79,53.9,26.29,49,43.5,0,37672.9849,0,59.37044687,2.627569914,1.226367727,1.27656105,0.907859092,0.442812904,0.825326447,0.732687765,2,Large Flake,Large Flake,0, , ,Flake,0.892384842,-0.794838638,Selected,0, 
OGS5,49, ,100,621.15, , ,indet,pick,Bifacial,400,123,78,66,72.03,68.22,32.09,44.5,60.17,31.22,15,29482.0448, ,55.49675045,2.216345984,1.297913831,1.229261163,0.578232054,0.80184875,1.084207625,0.56255546,2,Pick,Pick,0.706533657, , ,Pick,-0.143775418,-1.315982305,Not Selected,0.784463407,pick tip
OGS5,5, ,5,195.52, , ,flake,Flake,Unidirectional,892,175,111,48,96.29,68.93,35.36,73.53,71.23,58.87,4,56319.68023, ,74.43796191,2.350950987,1.293560403,0.926006009,0.475026439,0.987802435,0.956904222,0.790859912,2,Retouched Flake/Knife,Pick,-0.148600189, , ,Flake,-0.312814858,-2.25841315,Selected,0.233054852, 
OGS5,50, ,10, ,357.25,16287.7452,flake,Flake,Multifacial,786,154.81,112.97,54.67,101.64,112,59.68,58.4,55,31.57,6,50990.1902,0.319428995,72.63354344,2.131384381,1.399353456,1.541987279,0.821658936,0.804036224,0.757225896,0.434647664,2,Retouched Flake/Knife,Handaxe/Cleaver,0.070664618,2714.6242,0.053238166,Flake,0.333237024,0.107654233,Selected,0.337797964, 
OGS5,51, ,25, ,345.53,33108.3285,flake,Flake, ,2172,255,129.87,88.33,105.8,111.86,78,70,88,40,3,94448.2,0.350544833,92.51350572,2.756354308,1.143616807,1.209120756,0.843120141,0.756646281,0.951212467,0.432369303,2,Retouched Flake/Knife,Pick,-0.498072431,11036.1095,0.116848278,Flake,0.966417127,-1.760474659,Selected,0.119794934, 
OGS5,52, ,5,159.12,88.05,1840.2135,flake,Flake,Unifacial simple,646,109,138,49,92.16,102.01,71.3,28.5,49.6,36.79,4,32889.18033,0.055951942,62.67700327,1.739074849,1.470395762,1.627550691,1.137578319,0.454712231,0.79135883,0.586977649,2,Retouched Flake/Knife,Retouched Flake/Knife,0.085006941,460.053375,0.013987985,Flake,-0.056865274,1.913956769,Selected,0.345610016, 
OGS5,55, ,0, ,0,0,flake,Flake, ,726,145.8,95.9,60.4,80.6,90.5,73.3,60,54.8,40,0,46570.24,0,72.22557176,2.018675608,1.115948244,1.25301881,1.014876009,0.830730703,0.758734042,0.553820469,2,Large Flake,Oldowan,0, , ,Flake,-0.208728616,0.04563722,Selected,0, 
OGS5,56, ,0, ,0,0,flake,Flake, ,288,114.6,89.2,32.4,69.4,85.2,67.9,31.7,26.8,16.3,0,26020.47,0,48.56454258,2.359746307,1.429026123,1.754366364,1.398139391,0.652739598,0.551842941,0.335635819,2,Large Flake,Retouched Flake/Knife,0, , ,Flake,1.375497974,1.435995221,Selected,0, 
OGS5,57, ,30,426.25,426.1,12539.32,flake,handaxe,Unidirectional,498,127,92,45,83.13,85.38,60.56,44.62,40.85,25.9,11,34101.6846,0.367703829,59.29496871,2.141834337,1.401973925,1.439919809,1.021334547,0.75250904,0.688928604,0.436799286,2,Handaxe/Cleaver,Handaxe/Cleaver,0.508616852,1139.938182,0.033427621,Handaxe,0.429011425,0.434587103,Selected,0.625893225, 
OGS5,54, ,0, ,0,0,flake,Flake, ,398,110.3,85.7,54.5,63.8,77.3,58.5,31,52.2,53.1,0,29783.99667,0,59.7990161,1.844511953,1.066907186,1.292663409,0.978276965,0.518403178,0.872924061,0.887974476,2,Large Flake,Oldowan,0, , ,Flake,-0.643410486,0.549520649,Selected,0, 
OGS5,58, ,50, ,230.9,9588.85,cobble,Core,Indet.,332,84.58,69.18,61.03,59.47,69,58.3,55.12,60.24,43.42,6,25293.78507,0.379099054,60.35449327,1.401386962,0.98534503,1.143245453,0.965959564,0.91327086,0.998102987,0.719416197,1,Core,Core,0.375137427,1598.141667,0.063183176,Core,-1.69244042,0.517034835,Not Selected,0.527903564, 
OGS5,59, ,10,223.52,136,7417,flake,Flake,Unidirectional,420,110,94,37,78.04,109.22,66.79,36.54,38.46,19.76,4,29750.752,0.249304623,56.05477553,1.962366256,1.39220966,1.948451295,1.191513111,0.651862391,0.686114602,0.352512338,2,Retouched Flake/Knife,Retouched Flake/Knife,0.128562044,1854.25,0.062326156,Flake,0.633225162,1.899709145,Selected,0.370050946, 
OGS5,6, ,75,996.57,955.4,74064.15,cobble,pick,Bifacial,1866,212,121,82,140.56,123.99,87.29,89.8,80.9,43.6,9,96442.58533,0.767961059,100.3050671,2.113552247,1.401325018,1.236128977,0.870245168,0.895268829,0.806539513,0.434673953,2,Pick,Handaxe/Cleaver,-0.030026335,8229.35,0.085329007,Pick,0.052030048,-0.349654532,Not Selected,0.286276273, 
OGS5,60+68, ,20, ,511.7,17467.2282,flake,handaxe,Bifacial,1340,190,118.8,59.8,99.84,105,84,59,47,32,9,62644.96,0.278828946,76.14842827,2.495127008,1.311123582,1.378885978,1.103108783,0.774802597,0.617215628,0.420231917,2,Handaxe/Cleaver,Handaxe/Cleaver,0.157356373,1940.803133,0.030980994,Handaxe,1.017606821,-0.156001552,Selected,0.386796333, 
OGS5,61, ,5, ,78,2587.71,flake,Flake, ,446,138,90.75,50,78,82.71,62.47,18.7,44.8,31.2,2,32652.624,0.07924968,54.63824935,2.525703178,1.427571361,1.513774709,1.143338243,0.342251083,0.819938423,0.571028545,2,Retouched Flake/Knife,Large Flake,-0.212888092,1293.855,0.03962484,Flake,1.236368463,0.402042009,Selected,0.207501932, 
OGS5,62, ,5, ,226,7927.25,flake,handaxe,Unidirectional,1080,179.22,108.35,60.93,87.46,109.72,79.81,62.61,55.65,34.16,6,59508.087,0.133212987,77.19605607,2.321621196,1.132959434,1.421316134,1.033861107,0.811051797,0.720891751,0.442509653,2,Handaxe/Cleaver,Handaxe/Cleaver,0.003575261,1321.208333,0.022202164,Handaxe,0.536542165,-0.162481005,Selected,0.302821305, 
OGS5,63, ,5, ,122.6,3938.67,flake,Flake, ,848,164,108,45.66,92.5,107.6,67,46,44,26,3,47882.6,0.082256811,66.50667194,2.465918008,1.390837901,1.617882791,1.007417723,0.691659929,0.661587758,0.390938221,2,Retouched Flake/Knife,Handaxe/Cleaver,-0.20305647,1312.89,0.027418937,Flake,1.161071118,0.158174181,Selected,0.211262717, 
OGS5,64, ,10,428.47,232,10088.12,flake,Flake,Unidirectional,1100,151,133,59,110.93,111.09,89.13,59.21,55.5,36.52,7,56369.44623,0.178964327,79.40522714,1.901638034,1.397011305,1.399026286,1.122470185,0.745668795,0.69894643,0.459919344,2,Retouched Flake/Knife,Retouched Flake/Knife,0.094054272,1441.16,0.025566332,Flake,0.016036617,0.993182844,Selected,0.350598314, 
OGS5,65, ,0, ,0,0,flake,Flake, ,550,127,91,54.2,73.5,91,61.2,28.7,53.7,37.2,0,33621.49,0,60.53972281,2.097796193,1.214078899,1.503145303,1.010906512,0.474068903,0.88702091,0.614472586,2,Large Flake,Retouched Flake/Knife,0, , ,Flake,0.200415809,0.574963286,Selected,0, 
OGS5,66, ,10,183.2,176,4455.34,flake,Flake,Unifacial simple,642,120,101,49,79.89,102.71,79.18,33.91,49.44,32,4,35413.2299,0.125810044,63.54266807,1.888494828,1.257265432,1.616394198,1.246091837,0.533657163,0.778059869,0.503598621,2,Retouched Flake/Knife,Retouched Flake/Knife,0.052894452,1113.835,0.031452511,Flake,0.144072525,1.615943495,Selected,0.328282003, 
OGS5,67, ,0, ,0,0,flake,Flake, ,1110,187,114,58.5,95.4,113.8,78.7,57.9,50.85,32.6,0,61602.44667,0,76.50161179,2.444392943,1.24703255,1.487550358,1.028736495,0.756846799,0.664691878,0.426134813,2,Large Flake,Handaxe/Cleaver,0, , ,Flake,0.915225459,-0.114370064,Selected,0, 
OGS5,69, ,0, ,0,0,flake,Flake, ,804,135,131.5,56.14,115,125,79.4,54.9,50.94,31.5,0,49921.2,0,75.17969616,1.795697601,1.529668326,1.662682963,1.056136218,0.730250358,0.677576561,0.418996107,2,Large Flake,Retouched Flake/Knife,0, , ,Flake,0.099586845,1.560110747,Selected,0, 
OGS5,7, ,75,689.4,856.4,46463.68,cobble,pick,Multifacial,1316,184,108,85,84.59,84.52,73.12,83.99,80.1,51.97,9,67121.66717,0.69223072,85.58392313,2.149936498,0.988386567,0.987568657,0.854366069,0.981375905,0.935923443,0.607240216,2,Pick,Pick,0.127379774,5162.631111,0.076914524,Pick,-0.494891197,-1.280138898,Not Selected,0.369373344, 
OGS5,71, ,0, ,0,0,flake,Flake, ,270,110.5,101.3,28.2,74,98,61,27.2,29.4,25.3,0,26753.73333,0,51.71280494,2.136801516,1.430980201,1.895081888,1.179591787,0.525981912,0.568524566,0.489240528,2,Large Flake,Retouched Flake/Knife,0, , ,Flake,0.948039173,1.761505035,Selected,0, 
OGS5,72, ,30,219.4,373.1,14178.14,flake,pick,Unidirectional,808,157,84,54,88.9,85.5,56.52,43.23,50,47.99,7,45506.19513,0.311565051,68.3883678,2.295712049,1.29992867,1.250212613,0.826456338,0.632125044,0.731118487,0.701727524,2,Pick,Pick,0.187027515,2025.448571,0.044509293,Pick,0.295317875,-0.446343836,Not Selected,0.404534753, 
OGS5,76, ,75,442.08,573.1,21514.95,flake,pick,Bifacial,492,134,81.86,54.29,64.81,81.86,56.59,38.75,54,32.45,12,33690.15967,0.63861229,59.79075814,2.241149037,1.083946784,1.369107911,0.946467343,0.648093471,0.903149612,0.542726017,2,Pick,Handaxe/Cleaver,0.551678177,1792.9125,0.053217691,Pick,0.21252684,-0.282229886,Not Selected,0.659142993, 
OGS5,75, ,0, , , ,flake,Flake, ,396,130.3,99.4,34.4,88.8,92,44,31,27.2,22.6,0,30293.65333, ,50.96051943,2.556881316,1.74252541,1.805319118,0.863413491,0.608314051,0.533746522,0.443480566,2,Large Flake,Large Flake,0, , ,Flake,1.647389904,0.435306388,Selected,0, 
OGS5,77, ,80, ,741.69,37054.8141,cobble,pick,Multifacial,1120,142.65,95.76,77.6,92.71,65.16,30.24,70.7,73,55.97,10,45125.0078,0.821159173,69.10710272,2.064187245,1.341540831,0.942884269,0.43758165,1.02304969,1.056331363,0.809902279,2,Pick,Pick,0.34558271,3705.48141,0.082115917,Pick,-0.861242938,-1.885976303,Not Selected,0.507324966, 
OGS5,78, ,40, ,292,13311.1,flake,handaxe, ,418,123.7,105.4,46,102.6,95.3,62.5,35.3,44.4,30,5,36017.69333,0.36957114,62.08218404,1.992520107,1.652648044,1.535061974,1.006730046,0.56860113,0.715181025,0.483230422,2,Handaxe/Cleaver,Retouched Flake/Knife,0.142454108,2662.22,0.073914228,Handaxe,0.407919044,1.149068839,Selected,0.378071896, 
OGS5,8, ,100,1207.62,1265.72,56238.076,indet,pick,Bifacial,1170,179,92,90,46.8,84,44.92,50.26,96.4,50.67,18,49145.5644,1.144316414,69.40803716,2.578952054,0.674273498,1.210234483,0.647187298,0.724123633,1.388888145,0.730030729,2,Pick,Pick,0.563788178,3124.337556,0.063573134,Pick,-0.07087256,-2.484520795,Not Selected,0.668627128, 
OGS5,80, ,0, ,0,0,flake,Flake, ,276,114.5,91.7,31.9,67.6,89.9,60.1,19.3,25.2,31.9,0,25663.87,0,48.69090424,2.351568569,1.388349653,1.846340737,1.234316777,0.396377933,0.517550462,0.655153165,2,Large Flake,Large Flake,0, , ,Flake,1.270512758,1.567015912,Selected,0, 
OGS5,81, ,10, ,336,11278.17,flake,handaxe,Unidirectional,1250,172.85,115.75,70,108.08,122.16,83.49,66.5,40,25.6,8,60699.141,0.185804442,74.69645176,2.314032272,1.446922812,1.635419048,1.117723774,0.890269865,0.53550067,0.342720429,2,Handaxe/Cleaver,Retouched Flake/Knife,0.119907442,1409.77125,0.023225555,Handaxe,1.002715503,0.60491192,Selected,0.365108901, 
OGS5,2015-1, ,0, ,0,0,flake,Flake, ,630,154.83,95.89,61.47,71,95.88,58.37,25,44,50,0,40226.985,0,61.6472077,2.511549278,1.151714776,1.555301587,0.946839316,0.405533372,0.713738734,0.811066744,2,Large Flake,Large Flake,0, , ,Flake,0.889054842,-0.016021561,Selected,0, 
OGS5,2015-2, ,20, ,458.27,16526.4987,flake,handaxe,Unidirectional,976,165.36,110,59.62,91.95,102.1,75.81,60.75,55.83,26.24,10,53069.0601,0.31141495,72.44626919,2.282519195,1.269216497,1.40932033,1.046430698,0.838552498,0.770640098,0.362199466,2,Handaxe/Cleaver,Handaxe/Cleaver,0.275158604,1652.64987,0.031141495,Handaxe,0.551245827,-0.076105218,Selected,0.46004602, 
OGS5,2015-3, ,40, ,458.18,16103.2823,flake,Core, ,786,115.68,104,60.7,94.85,101,66,53.6,59,36.5,9,39185.424,0.410950824,70.24875888,1.646719484,1.35020179,1.437747821,0.939518378,0.763002804,0.839872489,0.519582133,1,Core,Oldowan,0.361117959,1789.253589,0.045661203,Core,-0.618579044,0.989471301,Not Selected,0.518088965, 
OGS5,2015-4, ,50, ,408.4,16341.354,flake,pick,Unidirectional,512,135.66,77.93,47.85,71.99,77.32,41.4,51.69,52.4,21.09,9,33163.3807,0.49275296,56.26800407,2.410961651,1.279412717,1.374137954,0.735764502,0.918639302,0.931257486,0.374813366,2,Pick,Pick,0.433583713,1815.706,0.054750329,Pick,0.488375924,-1.165699602,Not Selected,0.569822805, 
BSN17B,2012-2, ,80,308.52,314.2,5657.65,cobble,Core,Multifacial,58,47,43,35,36.98,38.47,32.64,28.29,30.15,26.5,12,7959.397533,0.710813849,33.69660732,1.394799172,1.097439859,1.141657961,0.96864351,0.839550395,0.894748831,0.78642932,1,Core,Core,1.17830105,471.4708333,0.059234487,Core,-1.595015311,0.784115651,Not Selected,1.20619199, 
BSN17C,2013-1, ,30,302.4,245,7879.32,cobble,pick,Bifacial,480,128,87,46,82.6,54.82,27.39,45,46,25.96,8,28472.41773,0.276735192,50.63234202,2.528028428,1.631368345,1.082707175,0.540958583,0.888759994,0.908510216,0.512715766,2,Pick,Pick,0.44866564,984.915,0.034591899,Pick,0.54249829,-1.867488288,Not Selected,0.580894973, 
BSN17C,2013-3, ,60,259.32,239.2,7223.76,cobble,Core,Bifacial,170,85,48.98,42.66,42.46,48.98,35.41,42.66,38.06,26.56,6,16019.19987,0.450943871,42.9573352,1.978707469,0.988422578,1.14020108,0.824306253,0.99307836,0.885995368,0.618287887,1,Core,Core,0.57351043,1203.96,0.075157312,Core,-0.68325028,-0.772400071,Not Selected,0.676282474, 
BSN17C,2013-6, ,0, ,0,0,flake,Flake, ,366,107.2,81,45.7,84,62.8,47.6,40,37.5,28.2,0,26149.46667,0,52.76429599,2.031676875,1.591985611,1.190198767,0.90212518,0.758088386,0.710707862,0.534452312,2,Large Flake,Handaxe/Cleaver,0, , ,Flake,0.050774577,0.157061222,Selected,0, 
BSN17C,2015-1, ,0, ,0,0,flake,Flake, ,298,109,88.8,35.6,78.6,87.1,68.2,20.5,31.2,35,0,27295.23333,0,52.76858383,2.065622992,1.489522634,1.650603326,1.29243567,0.388488728,0.591260893,0.663273438,2,Large Flake,Large Flake,0, , ,Flake,0.688385162,1.917437815,Selected,0, 
BSN17C,2015-2, ,20, ,257.1,6867.92,flake,Flake,Bifacial,304,92.8,73.8,44.4,72.3,63.1,49.3,39.6,42.5,25.2,7,22170.50667,0.309777314,50.90038061,1.823169078,1.420421599,1.239676388,0.968558573,0.777990253,0.834964287,0.495084707,2,Retouched Flake/Knife,Oldowan,0.499322422,981.1314286,0.044253902,Flake,-0.388911638,0.475185027,Selected,0.618816357, 
BSN17C,2015-3, ,25, ,241.5,9075.5,flake,pick,Unidirectional,754,135.5,94,57.3,83,92.2,69.3,42.6,59,31.2,5,39780.72667,0.228138115,66.30660946,2.043536853,1.251760581,1.390509947,1.045144678,0.642469889,0.889805714,0.470541327,2,Pick,Handaxe/Cleaver,0.099297292,1815.1,0.045627623,Pick,0.076516375,0.414711067,Not Selected,0.353510404, 
BSN17C,201, ,0, ,0,0,flake,Flake, ,278,125,75.1,34.5,75.3,68.7,62.2,22,28.3,33,0,27834.2,0,50.40267606,2.48002705,1.493968295,1.363022866,1.23406146,0.436484761,0.561478124,0.654727141,2,Large Flake,Large Flake,0, , ,Flake,1.178972013,0.629578993,Selected,0, 
BSN17C,212, ,35, ,201.7,5611.39,cobble,Core,Multifacial,312,73.5,66.1,51.7,65.5,55.6,53.2,47,50.5,47.3,4,21230.76,0.264304716,55.38537019,1.327065248,1.182622772,1.003875208,0.960542465,0.848599546,0.911793129,0.854016139,1,Core,Core,0.27509445,1402.8475,0.066076179,Core,-1.813432145,0.726019043,Not Selected,0.460004109, 
BSN17C,231,1,50,413.1,519.3,15070.1,cobble,Core,Multifacial,480,101,90,63,68.15,75.23,41.79,50.37,58.29,46.03,9,28240.21587,0.533639689,60.37614476,1.672846128,1.128757066,1.246021923,0.692160789,0.834269896,0.965447533,0.762387201,1,Core,Core,0.503374497,1674.455556,0.059293299,Core,-1.174521202,-0.123692391,Not Selected,0.621897202, 
BSN17C,235, ,40, ,159.7,4103.73,cobble,Core,Multifacial,198,67.8,53.6,49.7,48.4,52.9,40.3,39,47.3,45.6,4,16087.48,0.255088429,48.01638724,1.412017936,1.007989205,1.10170721,0.839296797,0.812222706,0.985080359,0.94967578,1,Core,Core,0.395571971,1025.9325,0.063772107,Core,-1.8299772,0.344558235,Not Selected,0.542377908, 
BSN17C,28, ,60,537.9,626.1,18226.21,cobble,Core,Multifacial,494,90,78,78,63.61,78,62.15,53.2,70.67,59.61,11,30323.2135,0.601064594,67.24830698,1.338323655,0.945897419,1.159880501,0.924186835,0.791097983,1.050881475,0.886416368,1,Core,Core,0.559617461,1656.928182,0.054642236,Core,-1.901700577,0.635545952,Not Selected,0.665354298, 
BSN17C,29,1,70,577.8, , ,cobble,pick,Multifacial,520,113,80.49,62,72.5,74.78,56.62,52.13,63.6,47.55,12,34132.59933, ,66.02300778,1.71152457,1.098102047,1.132635463,0.857579833,0.789573237,0.963300554,0.720203481,2,Pick,Oldowan,0.546011883, , ,Pick,-1.083837026,-0.020380196,Not Selected,0.65472514,BROKEN PICK
BSN17C,36, ,65,477.6,482,11751.36,cobble,pick,Bifacial,228,103,58,47,57.64,51.18,30.81,39.2,43.6,24.55,15,19975.16683,0.588298466,45.3222052,2.272616691,1.271782777,1.129247789,0.679799226,0.864918197,0.962000852,0.541677085,2,Pick,Pick,0.875600844,783.424,0.039219898,Pick,-0.035494461,-1.340287507,Not Selected,0.929895061, 
BSN17,2012-1, ,80,775.36,716.5,24140.75,cobble,pick,Multifacial,554,128,80,78,79.98,64.16,35.89,77.58,63.49,41.43,16,38627.66443,0.624960125,64.82503285,1.974545856,1.233782637,0.98974111,0.553644147,1.196759903,0.979405597,0.63910496,2,Pick,Pick,0.617221533,1508.796875,0.039060008,Pick,-0.925900063,-1.627915482,Not Selected,0.711141286, 
BSN17,2014-12, ,65,361.68,409.5,15644.37,cobble,Core,Bifacial,580,101,88,73.6,84.43,83.33,50.43,72.64,73.6,44.82,11,35949.43447,0.435177082,70.41911676,1.434269622,1.1989642,1.183343442,0.716140763,1.031538073,1.045170735,0.636474896,1,Core,Core,0.485700622,1422.215455,0.039561553,Core,-1.629610254,0.018330469,Not Selected,0.608510354, 
BSN17,21,1,30,337.8,323.8,11806.56,cobble,pick,Unidirectional,682,159,79,78.67,55.7,73.31,43.92,74.64,43.46,22.3,7,38349.844,0.307864616,57.43892431,2.768157689,0.969725681,1.276312203,0.764638275,1.299467232,0.756629768,0.388238468,2,Pick,Pick,0.261334438,1686.651429,0.043980659,Pick,0.797876353,-2.341145941,Not Selected,0.451064689, 
BSN17,24,1,60,591.11,653.4,24414.18,cobble,pick,Multifacial,854,181,79.5,64,77,61.87,29.37,63,61,35.88,13,45497.94227,0.536599652,61.9252867,2.922877061,1.243433888,0.999107203,0.474281212,1.017354999,0.985058015,0.579407895,2,Pick,Pick,0.455951597,1878.013846,0.041276896,Pick,0.785186239,-3.287338667,Not Selected,0.586280273, 
BSN17,25, ,25,310.92,314.8,10668.65,cobble,Core,Bifacial,866,131,93,68,81.11,92.97,76.94,53.86,65.16,45.13,6,44099.0668,0.241924621,73.90103068,1.772641042,1.097548969,1.258033875,1.041122151,0.728812569,0.881719773,0.610681605,1,Core,Oldowan,0.133721851,1778.108333,0.04032077,Core,-0.679476502,0.527354744,Not Selected,0.373017437, 
BSN17,26, ,0, ,0,0,flake,Flake, ,402,121.8,96.7,40.5,86.5,98,59.2,30,39.7,38.7,0,33476.56,0,60.05479664,2.028147739,1.440351227,1.631843008,0.985766389,0.499543778,0.661062933,0.644411474,2,Large Flake,Large Flake,0, , ,Flake,0.372744194,1.174914476,Selected,0, 
BSN17,32, ,66,520.62, , ,cobble,pick,Multifacial,1000,156,88,80,62.49,88,50.38,46.55,78.04,39.53,6,42859.3909, ,67.22774301,2.320470583,0.929526966,1.308983406,0.749393,0.692422472,1.160830284,0.588001296,2,Pick,Pick,0.146105256, , ,Pick,-0.045833589,-1.269991432,Not Selected,0.380197954,BROKEN PICK
BSN17,34,1,35,396.2,406.8,10349.06,cobble,pick,Bifacial,688,141,81,56,75.5,61.62,40.75,54.17,56,30.08,10,35218.875,0.293849818,58.83093134,2.396698417,1.283338514,1.047408202,0.69266284,0.920774136,0.951880222,0.511295662,2,Pick,Pick,0.453224521,1034.906,0.029384982,Pick,0.132824639,-1.701257978,Not Selected,0.584261839, 
BSN17C,35,1,40,364.8,417.5,12025.58,cobble,handaxe,Bifacial,498,117,84,55,85.11,76.64,34.13,53.24,53.07,34.42,9,31961.591,0.376250982,59.14947456,1.978039549,1.438896975,1.295700436,0.577012734,0.900092527,0.897218452,0.581915567,2,Handaxe/Cleaver,Pick,0.44961412,1336.175556,0.041805665,Handaxe,-0.385129544,-0.625795272,Not Selected,0.581594691, 
BSN17,37, ,0, ,0,0,flake,Flake, ,410,130,76.5,36,71.5,75.5,59.3,37,34,27,0,30619.26667,0,54.4197437,2.388838888,1.313861388,1.387364123,1.089678046,0.679900299,0.624773248,0.496143461,2,Large Flake,Handaxe/Cleaver,0, , ,Flake,0.828955118,0.121813061,Selected,0, 
BSN17,38, ,10,153.4, , ,cobble,Core,Unifacial simple,316,91,79,50,71.39,70.81,46.22,48.52,37.67,20.95,5,22362.7918, ,50.29549735,1.809307091,1.419411354,1.407879507,0.918968942,0.964698682,0.748973606,0.416538281,1,Core,Oldowan,0.349443984, , ,Core,-0.309562774,0.528021326,Not Selected,0.509989293, 
BSN17,510, ,50,298.83, , ,cobble,pick,Multifacial,246,104,54,53,57.72,49.76,42.82,31.52,35.68,44.31,7,21868.8486, ,48.56716865,2.141364278,1.188457174,1.024560447,0.881665561,0.648998096,0.734652668,0.912344722,2,Pick,Pick,0.505272122, , ,Pick,-0.290939862,-0.47616586,Not Selected,0.623342355,BROKEN
OGS7,523,1,60, ,197.1,4820.79,cobble,Oldowan,Bifacial,81.6,63,40,36,35.1,37.2,32,35.7,27.2,23.7,4,10029.27,0.480672073,34.70022517,1.815550179,1.011520814,1.072039153,0.922184218,1.028811768,0.783856585,0.682992686,1,Oldowan,Core,0.600790668,1205.1975,0.120168018,Core,-0.952114753,-0.317271504,Not Selected,0.697954843, 
OGS7,355, ,55, ,152.6,2569.26,cobble,Oldowan,Bifacial,42,45,33,29,32,28.8,24.4,23.2,28.7,23.5,6,6133.8,0.418869216,28.64726869,1.570830381,1.117034938,1.005331444,0.85173914,0.80985033,1.00184071,0.820322532,1,Oldowan,Core,0.990421639,428.21,0.069811536,Core,-1.490675565,-0.002318704,Not Selected,1.032693866, 
OGS7,334,1,50, ,216.4,4351.6,cobble,Oldowan,Unifacial Centripetal,70,64,40,28,41,38.5,36.7,19.6,25.1,22,6,9414.733333,0.462211711,32.71730973,1.956151057,1.253159271,1.17674712,1.121730371,0.599071261,0.767177992,0.672426926,1,Oldowan,Oldowan,0.804343227,725.2666667,0.077035285,Core,-0.218347744,0.579172747,Not Selected,0.867643636, 
OGS7,437,1,15, ,127.9,1812.47,flake,Oldowan,Multifacial,54,67,40,22,33.6,38.6,20,10.2,20.8,19.5,5,7106.653333,0.255038471,25.59199923,2.618005705,1.312910324,1.508283884,0.78149424,0.398562063,0.81275401,0.761956884,1,Oldowan,Large Flake,0.847304874,362.494,0.051007694,Core,1.034089418,-0.564918629,Not Selected,0.905021579, 
OGS7,486,1,70, ,288.5,6823.49,indet,Oldowan,Bifacial,72.4,70,43,36,34.9,40.8,24.9,19.4,29.2,22.7,8,9264.29,0.736536745,31.66434348,2.2106885,1.102186124,1.288515583,0.786373481,0.612676527,0.922172917,0.716894699,1,Oldowan,Pick,0.936277846,852.93625,0.092067093,Core,-0.05207996,-0.602457112,Not Selected,0.983865614, 
OGS7,335,1,75, ,317,10046.89,cobble,Oldowan,Bifacial,142,67,60,38.6,50,56.9,26.2,31,39.5,23.5,6,12309.5,0.816189935,39.25784274,1.706665352,1.27363086,1.449391919,0.667382571,0.789651133,1.006168379,0.598606504,1,Oldowan,Oldowan,0.687910838,1674.481667,0.136031656,Core,-0.816218527,0.158511359,Not Selected,0.768954946, 
OGS7,485,1,70, ,316.6,7086.32,cobble,Oldowan,Multifacial,84.2,62,51,41,47.3,36.4,21.4,30.6,34.6,24.7,8,10035.96,0.70609289,34.63108247,1.790299222,1.365825052,1.051078898,0.61794199,0.883599293,0.999102469,0.713232109,1,Oldowan,Oldowan,0.901531065,885.79,0.088261611,Core,-1.018354507,-0.683453966,Not Selected,0.952857078, 
OGS7,2002,1,95, ,317.9,5702.11,cobble,Oldowan,Multifacial,62.8,46,38,32,35.6,37.5,31.6,26.7,31,26.9,19,7605.76,0.749709431,33.06469248,1.391212092,1.076677184,1.134140292,0.95570222,0.807507888,0.937555975,0.813556636,1,Oldowan,Core,1.397610984,300.1110526,0.039458391,Core,-1.64796177,0.736281979,Not Selected,1.414656983, 
OGS7,2006,1,15, ,50.8,864.44,flake,Oldowan,Bifacial,25.1,42,34,16,29.8,31.3,27.1,13.9,15.2,13.1,12,4420.43,0.195555636,22.52096424,1.86492903,1.32321155,1.389816158,1.203323255,0.617202703,0.674926697,0.581680245,1,Oldowan,Retouched Flake/Knife,1.433716728,72.03666667,0.016296303,Core,-0.060861975,1.311110443,Not Selected,1.44942718, 
OGS7,2016,1,5, ,121,1665.77,flake,Oldowan,Bifacial,154.4,73,49,46,41.3,41.6,28.3,14.7,25,14.2,10,9043.836667,0.184188422,29.29638621,2.491774906,1.409730187,1.419970357,0.96598945,0.501768372,0.853347571,0.48470142,1,Oldowan,Handaxe/Cleaver,1.04364729,166.577,0.018418842,Core,0.988456232,-0.213107703,Not Selected,1.081248413,protopick
OGS7,2017, , , , , ,indet,Oldowan,Multifacial,50.8,59,54,27,39.1,40.9,29.1,16.2,25.8,16.7,7,7719.523333, ,29.4393378,2.004121166,1.328154875,1.389297554,0.988473321,0.550284117,0.876378408,0.567268195,1,Oldowan,Oldowan,0.957507556, , ,Core,0.015231949,0.543015078,Not Selected,1.002939644,QUESTIONABLE LATITE
OGS7,2026, , , , , ,indet,Oldowan,Unifacial Centripetal,77.3,61,56,25,43.9,58.3,38.5,19.8,25.3,24.2,5,10340.92, ,35.62781965,1.712145189,1.232183177,1.636361713,1.080616226,0.555745487,0.710119234,0.679244485,1,Oldowan,Retouched Flake/Knife,0.684410826, , ,Core,-0.30862675,1.687204828,Not Selected,0.766052749,weathered/indet WF?
OGS7,2066,1,95, ,275.1,4554.91,cobble,Oldowan,Multifacial,34.2,44,33,27,29.8,28.3,19.4,25.2,25.4,19.6,15,5463.733333,0.833662575,26.43928057,1.664190517,1.12711085,1.070377083,0.733756728,0.953127296,0.960691798,0.74132123,1,Oldowan,Core,1.438601764,303.6606667,0.055577505,Core,-1.327421638,-0.405752581,Not Selected,1.454139598, 
OGS7,2081,1,60, ,195.4,3781.69,indet,Oldowan,Bifacial,49.6,47,38,25,37.5,34.2,23.8,25.4,23.3,18,7,6463.166667,0.585114108,28.50262799,1.648970755,1.315668156,1.199889358,0.835010723,0.891145898,0.817468481,0.631520715,1,Oldowan,Oldowan,1.034652685,540.2414286,0.08358773,Core,-0.95079821,0.317670434,Not Selected,1.073006925, 
OGS7,2092,1,50, ,186,2637.19,cobble,Oldowan,Bifacial,35.9,41,33.1,26,24.3,31.3,21.3,22,24.7,22,6,4982.933333,0.529244488,25.95763958,1.579496467,0.936140589,1.205810717,0.820567677,0.847534689,0.95155031,0.847534689,1,Oldowan,Core,1.080666174,439.5316667,0.088207415,Core,-1.458471687,0.100757735,Not Selected,1.115314235, 
OGS7,2114,1, , , , ,cobble,Oldowan,Multifacial,52,49,39,38,37.7,30.9,27.7,30.4,34.2,21.3,8,7687.956667, ,32.08648464,1.52712273,1.174949529,0.963022293,0.863291829,0.947439408,1.065869334,0.663830901,1,Oldowan,Core,1.01727906, , ,Core,-1.55885167,-0.136549373,Not Selected,1.057129023,QUESTIONABLE LATITE
OGS7,2129, , , , , , , , , , , , , , , , , , , , , , , , , , , , , , , , , , , , , , , , ,QUESTIONABLE LATITE
OGS7,2134, , , , , , , , , , , , , , , , , , , , , , , , , , , , , , , , , , , , , , , , ,QUESTIONABLE LATITE
OGS7,2222, ,50, ,124.4,2580.63,cobble,Oldowan,Unifacial Centripetal,38,48.8,40.5,20.4,34.7,40.4,25.7,17.2,19.7,14,5,5891.946667,0.437992763,26.14040767,1.866841582,1.32744678,1.545499998,0.983152226,0.657985148,0.753622524,0.535569306,1,Oldowan,Retouched Flake/Knife,0.928711197,516.126,0.087598553,Core,-0.079812346,1.005581857,Not Selected,0.977090429, 
OGS7,2240, , , , , ,indet,Oldowan,Bifacial,30.6,41.7,36,26,35.4,36,24.1,16.5,25.2,16,11,5228.66, ,26.2202977,1.590370959,1.350099088,1.372982123,0.919135254,0.629283473,0.961087486,0.610214277,1,Oldowan,Oldowan,1.323002283, , ,Core,-0.827417551,0.990400213,Not Selected,1.343170109,QUESTIONABLE LATITE
EG10,1320, ,35, ,196.6,7024.54,cobble,Oldowan,Unifacial simple,342,81.2,66.8,59.6,62.8,65.6,50.9,57.4,59.6,52.4,10,25148.17333,0.279326053,60.74605861,1.336712239,1.033811928,1.079905454,0.837914445,0.944917272,0.981133614,0.862607405,1,Oldowan,Core,0.599493555,702.454,0.027932605,Core,-1.964509427,0.323969063,Not Selected,0.69691807,AWESOME HAMMERSTONE W/PITTING AND FLAKING
EG10,1145, , , , , ,cobble,Oldowan,Unifacial simple,158,72.9,61.9,29.3,60.3,61.9,45.1,27.2,29.3,26.3,5,14981.15, ,42.66222207,1.708771753,1.413428487,1.450932394,1.057141373,0.637566415,0.686790293,0.616470468,1,Oldowan,Oldowan,0.523424852, , ,Core,-0.337811194,1.437263393,Not Selected,0.637242241,BROKEN
EG10,83, ,30, ,249.8,4666.46,cobble,Oldowan,Unifacial simple,192,68.8,53.1,47.7,44.3,52.2,36.3,44.6,47.5,43.8,12,15890.09333,0.293671025,47.37854244,1.452134161,0.935022432,1.101764582,0.766169623,0.941354413,1.002563556,0.924469132,1,Oldowan,Core,0.878054798,388.8716667,0.024472585,Core,-1.883804158,-0.066291437,Not Selected,0.932061349, 
EG10,4202, ,45, ,301.1,6640.39,cobble,Oldowan,Multifacial,182,66,60.5,41,60,56.3,38.8,32,39.3,37.2,11,14961.76,0.443824122,45.51558309,1.450052829,1.318229844,1.236939004,0.852455299,0.703055917,0.863440548,0.817302503,1,Oldowan,Oldowan,0.866410001,603.6718182,0.040347647,Core,-1.308604229,0.925621002,Not Selected,0.921794449, 
EG10,1334, ,35, ,283.3,5925.57,flake,Oldowan,Unidirectional,210,85.1,50.6,44.4,49.1,47.9,34.6,42.8,44.1,35.6,9,17749.18,0.333850353,46.43250839,1.832767666,1.057448794,1.031604832,0.745167582,0.921767992,0.949765618,0.766704217,1,Oldowan,Core,0.705064216,658.3966667,0.037094484,Core,-1.093758079,-0.745890302,Not Selected,0.78323568, 
EG10,184, ,30, ,199.9,5035.18,cobble,Oldowan,Unifacial Centripetal,199.1,71,61.4,46,47.6,58.6,43.5,37.2,46,38.9,9,16328.07,0.308375699,47.839439,1.484131116,0.994994945,1.224930752,0.909291599,0.777601092,0.961549737,0.813136626,1,Oldowan,Core,0.741307656,559.4644444,0.034263967,Core,-1.492212508,0.567573814,Not Selected,0.813713077, 
EG10,4182, ,30, ,215.4,4229.35,cobble,Oldowan,Unifacial simple,146.5,84.9,49.3,38.2,36,46.9,34.2,34.5,38.1,32,9,14884.62,0.284142289,41.33605506,2.053897013,0.870910394,1.134602708,0.827364874,0.834622461,0.9217135,0.774142573,1,Oldowan,Oldowan,0.781504758,469.9277778,0.031571365,Core,-0.662936271,-0.848664589,Not Selected,0.847974057, 
EG10,344, ,65, ,304.3,9460.08,cobble,Oldowan,Unifacial simple,195.2,82.1,58.6,37.1,55.4,58.1,54.7,38,38.5,36.5,11,19492.76333,0.485312413,49.9139499,1.644830757,1.109910158,1.164003252,1.095886022,0.761310216,0.771327456,0.731258497,1,Oldowan,Oldowan,0.751519275,860.0072727,0.04411931,Core,-0.957234499,0.807464769,Not Selected,0.822372089, 
EG10,1302, ,35, ,334.1,9683.43,cobble,Oldowan,Unifacial simple,518,103.9,71.6,60.1,64.2,70.3,53.8,55.1,60,40,10,29475.59333,0.328523667,61.52276698,1.688805707,1.043516135,1.142666422,0.874473023,0.895603412,0.975248724,0.650165816,1,Oldowan,Core,0.530537444,968.343,0.032852367,Core,-1.149443511,-0.095783986,Not Selected,0.642725354, 
EG10,1335, ,40, ,206.5,3725.24,cobble,Oldowan,Unifacial simple,158,68.2,55.7,33.2,49.9,53.1,33.2,32.2,33,28,9,12966.43333,0.287298743,40.49280944,1.684249647,1.232317557,1.311343933,0.819898655,0.795202912,0.814959507,0.691480793,1,Oldowan,Oldowan,0.841421978,413.9155556,0.031922083,Core,-0.859617244,0.436941341,Not Selected,0.899875138, 
EG10,1125,1,40, ,218.9,6304.96,cobble,Oldowan,Unifacial Centripetal,212,85.3,65.8,35,56.6,64.9,54.1,26.2,34.8,24.4,10,17645.16,0.357319514,45.05910289,1.893069203,1.256127982,1.440330496,1.200645298,0.581458536,0.772318971,0.541511003,1,Oldowan,Retouched Flake/Knife,0.753374399,630.496,0.035731951,Core,-0.028857133,1.227607293,Not Selected,0.823948464,HAMMERSTONE???
EG10,1184, ,30, ,275.2,7335.26,cobble,Oldowan,Unifacial simple,338,104.7,71.4,50.8,45.7,67.2,38.8,38.7,48.3,41.7,11,22958.47,0.319501256,51.58829176,2.029530276,0.88585992,1.302621151,0.752108641,0.750170217,0.936258952,0.808322947,1,Oldowan,Oldowan,0.680449743,666.8418182,0.029045569,Core,-0.60690345,-0.617297654,Not Selected,0.762773066, 
EG10,72, ,40, ,243.4,4450.67,indet,Oldowan,Unifacial simple,96,70.1,52.3,29.6,49.3,47.9,41.1,30.3,31.2,17.2,8,12341.84333,0.36061631,37.81772681,1.853628071,1.303621454,1.266601777,1.086791922,0.801211563,0.825009926,0.454813164,1,Oldowan,Oldowan,0.811709958,556.33375,0.045077039,Core,-0.311109957,0.584544629,Not Selected,0.874018511, 
EG10,205, ,55, ,364.2,9721.37,cobble,Oldowan,Multifacial,232,70.6,65.1,61.6,50,61.2,33.6,53.5,57.9,38.2,10,17814.94667,0.545686169,50.68174829,1.393006405,0.986548446,1.207535298,0.662960556,1.055606837,1.1424231,0.753723013,1,Oldowan,Core,0.749215473,972.137,0.054568617,Core,-1.953805341,-0.225867224,Not Selected,0.820415864, 
EG10,1545, ,35, ,328.1,8778.27,cobble,Oldowan,Unifacial Centripetal,452,84.5,68.4,66.1,65.4,66.5,57.6,51.8,63,42.4,10,25360.72667,0.346136375,60.38919637,1.399256905,1.082975167,1.101190345,0.953812991,0.857769322,1.043232959,0.70211234,1,Oldowan,Core,0.595838307,877.827,0.034613638,Core,-1.66623611,0.517904149,Not Selected,0.693999808,PUBLISHED HAMMERSTONE
EG10,1559, ,25, ,219.9,4738.03,cobble,Oldowan,Unifacial simple,228,80,56.3,34.6,52.1,49.8,44.8,34.4,34.5,33.5,10,16578.37333,0.285795832,44.93151463,1.780487496,1.159542482,1.108353467,0.997072998,0.765609623,0.767835233,0.745579139,1,Oldowan,Oldowan,0.780458085,473.803,0.028579583,Core,-0.787805998,0.331377449,Not Selected,0.847076076, 
EG10,303, ,20, ,201.5,2940.52,cobble,Oldowan,Unifacial simple,134,63.5,50.8,34.6,49.4,46.6,41.1,24.7,32.5,33.6,9,12248.90667,0.240063875,39.9372619,1.58999383,1.236940082,1.166830118,1.029114117,0.618470041,0.81377637,0.84131957,1,Oldowan,Oldowan,0.866145184,326.7244444,0.026673764,Core,-1.033909452,0.984444284,Not Selected,0.921561347, 
EG10,1171,1,60, ,471,10717.11,flake,Oldowan,Bifacial,158,86.3,61.5,39.8,57.9,60.1,27,30.4,34,23,11,15751.90667,0.680369064,40.93963726,2.10798155,1.414277309,1.468014961,0.659507553,0.742556653,0.830490993,0.561802731,1,Oldowan,Handaxe/Cleaver,0.844059555,974.2827273,0.061851733,Core,0.092299606,-0.246754536,Not Selected,0.902181449, 
EG10,1223,1,50, ,253,6966.86,cobble,Oldowan,Unifacial simple,166,82,57.7,38.9,50.4,57.1,48.5,26.9,38.3,20.5,7,15562.94333,0.447656966,42.28531722,1.939207399,1.191903084,1.350350518,1.14697023,0.636154622,0.905751748,0.48480185,1,Oldowan,Oldowan,0.653006304,995.2657143,0.063950995,Core,-0.131092042,0.687345685,Not Selected,0.74019398, 
EG10,1215,1,30, ,241.4,5251.67,cobble,Oldowan,Unifacial simple,206,78,53.2,45.5,48.4,51.2,43.4,31.9,45,40.8,10,16871.08,0.311282384,46.79448979,1.666862922,1.034309813,1.094145918,0.927459626,0.681704195,0.961651686,0.871897529,1,Oldowan,Oldowan,0.772857115,525.167,0.031128238,Core,-1.231292841,0.213243745,Not Selected,0.840564173, 
EG10,1533, ,80, ,533.3,12447.31,cobble,Oldowan,Multifacial,196,80.4,56,56.8,48.3,47,36.7,36.5,49.6,25.8,15,15782.85,0.788660476,43.87271171,1.83257421,1.100912119,1.071280944,0.836510864,0.831952222,1.130543294,0.588064858,1,Oldowan,Oldowan,0.97790583,829.8206667,0.052577365,Core,-0.954916443,-0.572803125,Not Selected,1.021354172, 
EG10,316, ,30, ,220.9,5591.47,cobble,Oldowan,Unifacial Centripetal,272,84.3,64.2,58.9,56.3,53.7,42.9,42,62.4,45.9,8,21373.55,0.261606986,53.86265172,1.565091901,1.045251175,0.99698025,0.796470256,0.77976109,1.15850219,0.852167477,1,Oldowan,Core,0.573213326,698.93375,0.032700873,Core,-1.657989083,-0.270231974,Not Selected,0.676047994, 
EG10,1121, ,30, ,163.3,3408.77,cobble,Oldowan,Unifacial simple,134,79.6,43.9,42.6,42.4,41.3,30.4,33.6,38,25.3,5,13390.82667,0.254560087,38.98581028,2.041768516,1.08757519,1.059359795,0.779770891,0.861852037,0.974713613,0.648954064,1,Oldowan,Pick,0.572162616,681.754,0.050912017,Core,-0.603675137,-0.963349623,Not Selected,0.675219027, 
EG10,1151, , , , , ,indet,Oldowan,Multifacial,126,72.5,56.1,42.4,49.2,45.2,32.3,27.5,41.9,35.4,9,13685.58667, ,41.51170562,1.74649533,1.185207865,1.088849502,0.778093781,0.662463746,1.009353853,0.852771513,1,Oldowan,Oldowan,0.81797909, , ,Core,-1.087603674,-0.141841592,Not Selected,0.87945497,QUESTIONABLY FLAKED FLAKE OR FRAG
EG10,4103, ,20, ,114.2,2406.86,flake,Oldowan,Unifacial simple,114,64.1,58.8,36.8,58,56,36.8,32.2,35.6,26.3,4,13300.83333,0.180955579,42.01158527,1.525769608,1.380571564,1.332965648,0.875948855,0.766455248,0.847385305,0.626017796,1,Oldowan,Oldowan,0.47818114,601.715,0.045238895,Core,-0.976301762,0.952932579,Not Selected,0.602855148, 
EG10,MAR_2004, ,35, ,222.9,7350.13,flake,Oldowan,Unifacial simple,406,86,84.1,67,57.5,84,42,50,65.4,36.2,5,23607.8,0.311343285,57.44850643,1.496992791,1.000896343,1.462179005,0.731089503,0.870344646,1.138410797,0.630129524,1,Oldowan,Core,0.325914487,1470.026,0.062268657,Core,-1.410912326,0.283950422,Not Selected,0.49386832, 
DAN5_S,18, ,5, ,134,3267.9,cobble,pick,Bifacial,530,122.15,74.11,60.34,71.02,72.01,39.63,56.1,59.63,32.84,6,32258.8342,0.101302483,59.75307546,2.044246243,1.188558069,1.205126254,0.663229461,0.938863809,0.997940266,0.549595142,2,Pick,Pick,0.269502582,544.65,0.016883747,Pick,-0.483733793,-1.016856009,Not Selected,0.456359294, 
DAN5_S,19, ,30, ,347.6,9058.74,flake,handaxe,Bifacial,502,137.28,84.05,48.05,74.67,83.14,62.28,28.86,44.47,18.19,12,31806.3966,0.284808748,53.40561073,2.570516433,1.398167701,1.55676527,1.166169606,0.540392659,0.832684046,0.340600917,2,Handaxe/Cleaver,Handaxe/Cleaver,0.576666776,754.895,0.023734062,Handaxe,1.378632466,0.176062267,Selected,0.678775602, 
DAN5_S,20, ,35, ,345.9,10794.16,flake,handaxe,Unidirectional,378,133.75,86.17,39.51,70.86,80.91,64.57,35.22,39.66,19.71,5,31492.95557,0.342748396,54.13873295,2.470504807,1.308859593,1.494493786,1.192676601,0.650550873,0.732562397,0.364064671,2,Handaxe/Cleaver,Handaxe/Cleaver,0.200756584,2158.832,0.068549679,Handaxe,1.118612343,0.238281133,Selected,0.412906649, 
DAN5_S,25, ,10, ,219.7,4474.37,flake,Flake,Unidirectional,360,122.3,90,35.6,79,90,76.1,34.1,23.5,13.5,7,29502.09,0.151662814,49.37966093,2.476728226,1.599848977,1.822612758,1.541120343,0.690567723,0.475904442,0.273391914,2,Retouched Flake/Knife,Retouched Flake/Knife,0.375245256,639.1957143,0.021666116,Flake,1.841965604,1.726164634,Selected,0.527979419, 
DAN5_S,30, ,5, ,143,4965.12,flake,Flake,Unidirectional,462,130.96,96.84,48.41,96.84,81.1,54.03,22.34,45.79,47.45,3,35070.5611,0.141575151,59.68270125,2.194270656,1.622580714,1.358852704,0.905287443,0.374312816,0.767223987,0.795037741,2,Retouched Flake/Knife,Large Flake,-0.06782146,1655.04,0.047191717,Flake,0.447208486,0.489827845,Selected,0.268441837, 
DAN5_S,32, ,0, ,0,0,flake,Flake, ,118,105.4,61.6,24,56.6,57.2,54,24.3,20,17.2,0,18416.32667,0,39.64881583,2.658339166,1.427533176,1.442666037,1.361957447,0.612880851,0.504428684,0.433808668,2,Large Flake,Large Flake,0, , ,Flake,1.642491328,0.474022563,Selected,0, 
DAN5_S,36, ,80, ,564.4,16606.08,cobble,Core,Multifacial,352,80.11,77.7,64.56,66.18,77.16,36.91,59.45,62.93,50.11,12,24622.6287,0.674423523,60.09530394,1.333049253,1.101250774,1.283960558,0.614191086,0.989261991,1.04717001,0.833842193,1,Core,Core,0.68784683,1383.84,0.05620196,Core,-1.931216754,0.140161824,Not Selected,0.768901835, 
DAN5_S,37, ,50, ,488.6,13917.3,flake,handaxe,Bifacial,496,124.52,92.04,46.5,89.46,90.7,73.76,27.75,44.12,33.2,13,34732.30353,0.4007019,60.68027487,2.052067171,1.474284686,1.494719663,1.215551514,0.457315002,0.727089653,0.54713002,2,Handaxe/Cleaver,Retouched Flake/Knife,0.573209765,1070.561538,0.030823223,Handaxe,0.482048852,1.362399163,Selected,0.676045184, 
DAN5_S,41, ,10, ,153.4,3788.04,flake,Flake,Bifacial,348,126.71,90.31,35.21,72.47,90,56.22,28,35.13,21.41,4,28847.67907,0.131311777,51.63408422,2.453999174,1.403530267,1.74303469,1.08881567,0.542277459,0.680364541,0.414648586,2,Retouched Flake/Knife,Retouched Flake/Knife,0.141949113,947.01,0.032827944,Flake,1.309961771,0.658879249,Selected,0.377778426, 
DAN5_S,44, , , , , ,indet,Core,Bifacial,102,62.43,49.61,40.6,37.09,49.28,27.26,27.19,37.45,27.51,11,10322.9633, ,36.54983974,1.708078625,1.014778731,1.348295926,0.745830904,0.743915711,1.024628296,0.752670879,1,Core,Core,1.027588302, , ,Core,-1.070024693,0.023067188,Not Selected,1.066544136, 
DAN5_S,45, ,30, ,187,7376.91,cobble,Core,Unifacial simple,684,117.08,82.05,74.13,66.05,82,54.35,74.29,73.05,42.76,4,37866.79383,0.19481211,69.70751513,1.67958935,0.947530548,1.176343754,0.779686378,1.065738749,1.047950137,0.613420231,1,Core,Core,0.023801456,1844.2275,0.048703027,Core,-1.326849133,-0.521771268,Not Selected,0.313093758, 
DAN5_S, 2-3, ,10, ,98.7,2054.37,flake,Flake,Unidirectional,208,93.7,69,34.7,68.3,66.3,57.4,15.4,30.5,33.2,3,19892.21333,0.103275084,45.10457788,2.077394455,1.514258712,1.469917315,1.272598098,0.341428758,0.676206306,0.736067192,2,Retouched Flake/Knife,Large Flake,0.178438147,684.79,0.034425028,Flake,0.523611994,1.588561399,Selected,0.399349663, 
DAN5_S,2012-6, ,100, ,661.4,13291.99,indet,handaxe,Bifacial,178,100.28,56.54,42.24,52.15,51.5,39.11,32.86,28.9,16.66,20,17151.84187,0.77495992,40.0972759,2.500918024,1.300587105,1.284376528,0.975377981,0.819507043,0.720747217,0.415489572,2,Handaxe/Cleaver,Handaxe/Cleaver,1.066719232,664.5995,0.038747996,Handaxe,0.829250161,-0.690938018,Not Selected,1.102452753, 
DAN5_S,2006-1, ,30, ,284.4,7193.49,flake,handaxe,Bifacial,246,104.4,67.12,38.66,60.1,63.53,32.12,27.44,37.67,22.73,5,19333.0956,0.372081644,43.62730246,2.39299691,1.377577723,1.456198216,0.736236214,0.628963939,0.86345013,0.521004021,2,Handaxe/Cleaver,Handaxe/Cleaver,0.412668606,1438.698,0.074416329,Handaxe,0.642098257,-0.572758973,Selected,0.554639193, 
DAN5_S,2014-3, ,5, ,113.9,2183.75,flake,Flake,Unidirectional,466,126.94,96.87,44.43,74.13,95.55,70.11,26.69,42.21,41.98,3,34597.7807,0.06311821,60.5422423,2.096717848,1.224434332,1.578236887,1.158034413,0.440849215,0.697199152,0.693400152,2,Retouched Flake/Knife,Large Flake,-0.061926987,727.9166667,0.021039403,Flake,0.389649926,1.181211182,Selected,0.271169356, 
DAN5_S,2016_30MN, ,25, ,239.2,7606.44,flake,Flake,Bifacial,272,114.3,69,40,69,65.5,47.8,32.2,39,24,5,24514.5,0.310283302,49.65427046,2.301916813,1.389608575,1.319121183,0.962656375,0.648484002,0.785430933,0.483342113,2,Retouched Flake/Knife,Handaxe/Cleaver,0.309548736,1521.288,0.06205666,Flake,0.554784019,-0.123796028,Selected,0.482817752, 
DAN5_MAIN,1, ,25, ,232.7,6102,cobble,handaxe,Unidirectional,286,119.85,78.82,36.94,69.84,75.47,33.21,27.63,31.65,22.76,9,23504.2828,0.259612261,45.71953077,2.62141798,1.527574733,1.650716854,0.726385408,0.604336911,0.692264323,0.497817883,2,Handaxe/Cleaver,Handaxe/Cleaver,0.583095506,678,0.028845807,Handaxe,1.359012585,-0.440539907,Not Selected,0.683865245, 
DAN5_MAIN,6, ,70, ,482.1,18441.61,cobble,Core,Multifacial,382,99.75,79.38,62.73,79.06,56.33,26.68,57.26,57.6,32.3,10,25952.5346,0.71058994,53.54921287,1.862772479,1.476398919,1.051929561,0.498233281,1.069296763,1.075646063,0.603183469,1,Core,Pick,0.585820221,1844.161,0.071058994,Core,-0.940994068,-1.238115581,Not Selected,0.686027133, 
DAN5_MAIN,8, ,25, ,232.8,8475.22,flake,Core,Bifacial,316,109.84,76.22,48.32,73.47,66.26,55.71,42.48,46.27,22.61,5,26846.55003,0.315691215,53.9127381,2.037366379,1.362757719,1.229023091,1.033336498,0.787939947,0.858238732,0.419381408,1,Core,Handaxe/Cleaver,0.270081521,1695.044,0.063138243,Core,-0.004044992,0.11946673,Not Selected,0.456735891, 
DAN5_MAIN,9, ,75, ,465.1,17886.79,cobble,pick,Multifacial,394,106.44,88.91,58.07,81.24,87.12,35.29,56.58,29.12,26.02,10,27893.4602,0.641253895,52.7716708,2.016991283,1.539462344,1.650885763,0.668730011,1.072166167,0.551811219,0.49306758,2,Pick,Retouched Flake/Knife,0.554497608,1788.679,0.06412539,Pick,0.180131112,0.188663551,Not Selected,0.661345945, 
DAN5_MAIN,10, ,25, ,248.1,5082.16,flake,handaxe,Bifacial,202,106.23,68.8,32.01,54.7,62.67,44.36,26.84,32.5,17.62,7,19153.797,0.265334336,42.44739804,2.502626896,1.288653782,1.476415585,1.045058167,0.63231202,0.765653527,0.415102004,2,Handaxe/Cleaver,Handaxe/Cleaver,0.56284316,726.0228571,0.037904905,Handaxe,1.044580854,-0.142189104,Selected,0.667884964, 
DAN5_MAIN,13, , , , , ,flake,Core,Bifacial,282,95.05,69.97,44.57,56.89,67.44,60.42,40.81,44.31,30.18,11,23158.32483, ,53.17712399,1.787422728,1.069820926,1.268214505,1.136202853,0.767435261,0.833253036,0.567537274,1,Core,Oldowan,0.676685544, , ,Core,-0.585907991,0.676780534,Not Selected,0.759661182,BROKEN
DAN5_MAIN,17, ,5, ,130.9,2082.88,flake,handaxe,Unidirectional,274,120.2,83.92,29.49,78.04,72.94,53.49,25.95,29.44,17.43,6,25177.6407,0.08272737,46.74017964,2.571663201,1.669655543,1.560541713,1.14441152,0.555196839,0.629864931,0.372912559,2,Handaxe/Cleaver,Retouched Flake/Knife,0.377136219,347.1466667,0.013787895,Handaxe,1.604708932,0.494798216,Selected,0.529310575, 
DAN5_MAIN, 1-1, ,95, ,614,18375.03,indet,handaxe,Bifacial,214,107.6,61.68,47.69,58.24,57.63,35.7,37.7,46.11,18.14,16,21029.08067,0.873791408,45.54558854,2.3624681,1.278718793,1.265325619,0.783830029,0.827742076,1.012392231,0.398282261,2,Handaxe/Cleaver,Pick,0.881299696,1148.439375,0.054611963,Handaxe,0.334708517,-1.124267922,Not Selected,0.934928059, 
DAN5_MAIN,2012-1, ,95, ,538.5,15587.01,cobble,Core,Bifacial,222,87.72,73.39,54.3,62.81,67.83,38.88,41.85,50.5,30.87,15,20948.2593,0.744071848,51.40096588,1.706582717,1.221961473,1.319625008,0.756406019,0.814187035,0.98247181,0.600572372,1,Core,Oldowan,0.854943318,1039.134,0.04960479,Core,-0.89289891,0.101329793,Not Selected,0.911716742, 
DAN5_MAIN,2012-2, ,15, ,320.1,10157.17,flake,handaxe,Bifacial,574,133.55,100.81,57.63,95.54,86.65,63.27,50.86,41.59,20.67,11,38092.52797,0.266644682,60.76353625,2.197864184,1.572324553,1.426019704,1.041249471,0.837015143,0.684456544,0.340171117,2,Handaxe/Cleaver,Handaxe/Cleaver,0.46055289,923.3790909,0.024240426,Handaxe,0.641475282,0.371941571,Selected,0.589693352, 
DAN5_MAIN,2012-3, ,90, ,441.7,12926.81,cobble,Core,Bifacial,154,74,59.28,48.32,42.6,55.23,32.5,39.48,43.9,30.51,8,14721.60967,0.878084007,43.59395061,1.697483228,0.977199804,1.266918901,0.745516283,0.905630241,1.007020455,0.699867747,1,Core,Core,0.735134688,1615.85125,0.109760501,Core,-1.193823859,-0.25615782,Not Selected,0.808493771, 
DAN5_MAIN,2012-4, ,15, ,327.8,8877.56,flake,handaxe,Multifacial,926,170.39,97.03,46.06,94.02,95.02,64.94,45.76,40.36,29.76,8,48248.59987,0.18399622,65.96210966,2.583149643,1.42536375,1.440523969,0.984504594,0.693731602,0.611866422,0.451168105,2,Handaxe/Cleaver,Handaxe/Cleaver,0.219605272,1109.695,0.022999528,Handaxe,1.24002792,-0.279776729,Selected,0.424567917, 
DAN5_MAIN,2014-1, , , , , ,flake,pick,Multifacial,618,146.52,84.12,49.86,82.35,73.51,39.23,49.02,44.41,35.48,11,37076.9974, ,59.65176201,2.456256028,1.380512448,1.232319005,0.657650314,0.821769523,0.744487648,0.594785448,2,Pick,Pick,0.472288129, , ,Pick,0.501457861,-1.240428998,Not Selected,0.598440199,BROKEN
DAN5_MAIN,2015-1, , , , , ,indet,pick,Bifacial,636,116.79,86.42,59.89,78.39,83.74,65.9,57.4,51.4,35.63,6,35847.3386, ,65.74795031,1.77632914,1.192280514,1.273651872,1.002312615,0.873031018,0.78177342,0.541918034,2,Pick,Oldowan,0.223694332, , ,Pick,-0.596920769,0.472680774,Not Selected,0.42712314,TOO WEATHERED
DAN5_MAIN,2015-2, , , , , ,cobble,Core,Bifacial,392,112.3,76.87,37.15,58.25,74.77,47.21,31.67,36.85,21.89,6,23140.11907, ,48.0328483,2.337983359,1.21271176,1.556643061,0.982869051,0.659340454,0.767183319,0.455729793,1,Core,Handaxe/Cleaver,0.413785661, , ,Core,0.711017779,0.076713471,Not Selected,0.555445053,BROKEN
DAN5_MAIN,50, ,80, ,1161.4,29655.08,cobble,pick,Bifacial,732,174.08,90.27,58.2,80.53,58.46,34.99,57.57,55.88,27.54,31,42153.0551,0.703509625,59.174183,2.941823464,1.360897539,0.987930835,0.591305164,0.972890492,0.94433074,0.465405665,2,Pick,Pick,0.866532638,956.6154839,0.022693859,Pick,1.033530497,-2.960444635,Not Selected,0.921902404, 
DAN5_MAIN,51, ,60, ,702.9,23258.36,cobble,handaxe,Bifacial,1216,165,97.5,76.5,84.6,90.6,69.5,70,75.2,37.2,12,55488.4,0.419157157,77.77361829,2.12154203,1.087772459,1.164919442,0.893619219,0.900048134,0.966908852,0.478311294,2,Handaxe/Cleaver,Pick,0.334979044,1938.196667,0.034929763,Handaxe,-0.256982291,-0.784119755,Not Selected,0.500046212, 
DAN5_MAIN,53, ,80, ,969.1,45132.6,cobble,pick,Bifacial,1320,206.06,107,66.6,103.99,91.73,60.88,65.16,59.52,41.22,13,67325.69533,0.670362182,78.95670976,2.609784534,1.317050828,1.161775868,0.771055433,0.825262352,0.753830804,0.522058228,2,Pick,Pick,0.285762505,3471.738462,0.051566322,Pick,0.768141081,-1.464950583,Not Selected,0.467002794, 
DAN5_MAIN,54, ,5, ,96.2,2399.02,flake,Flake,Unifacial simple,446,125.7,114.4,37.7,91.5,108.4,89.3,20.8,35.8,37.7,3,37407.11,0.064132728,60.95218247,2.062272341,1.501176763,1.778443291,1.465082896,0.341251111,0.587345663,0.618517639,2,Retouched Flake/Knife,Retouched Flake/Knife,-0.095832902,799.6733333,0.021377576,Flake,0.902507954,2.484729608,Selected,0.255751551, 
DAN5_MAIN,55, ,35, ,523.4,16124.64,cobble,handaxe,Bifacial,770,151.97,94.38,49.85,85.27,92.46,54.19,46.47,49,38,9,43040.59577,0.374637937,66.2778638,2.292922422,1.286553234,1.395035909,0.817618386,0.701139073,0.739311698,0.573343765,2,Handaxe/Cleaver,Handaxe/Cleaver,0.320364235,1791.626667,0.041626437,Handaxe,0.418553366,-0.34441444,Not Selected,0.490105907, 
DAN5_MAIN,49, ,65, ,601.6,15566.36,indet,handaxe,Bifacial,344,120.1,73.25,43.22,69.13,69.05,48.36,42.04,36.8,18.07,17,26474.98707,0.587964782,49.94309585,2.40473679,1.384175306,1.382573483,0.968302008,0.84175799,0.736838583,0.361811772,2,Handaxe/Cleaver,Handaxe/Cleaver,0.807613165,915.6682353,0.034586164,Handaxe,0.787702555,-0.376232535,Not Selected,0.870471512, 
DAN5_MAIN,35, ,75, ,682.4,23922.83,indet,handaxe,Bifacial,582,144.39,87.51,54.44,79.11,78.89,59.74,42.83,48.2,23.94,15,36845.1215,0.649280801,59.56572322,2.424045109,1.328112809,1.32441941,1.00292579,0.71903769,0.809190209,0.401908996,2,Handaxe/Cleaver,Handaxe/Cleaver,0.609711266,1594.855333,0.043285387,Handaxe,0.756749262,-0.403342189,Not Selected,0.70510177, 
DAN5_A, 1-5, ,75, ,780.2,25257.43,cobble,handaxe,Bifacial,608,129.3,92.2,56.2,77,89.2,58,47.1,54.7,35.7,18,36875.84,0.684931652,64.68358443,1.998961578,1.190410221,1.379020671,0.896672634,0.728160018,0.845655053,0.551917466,2,Handaxe/Cleaver,Oldowan,0.688530583,1403.190556,0.038051758,Handaxe,-0.169090999,0.117459026,Not Selected,0.769469252, 
DAN5_A,14, ,80, ,288.7,5691.03,cobble,Core,Multifacial,64,47.8,38.2,35.6,35.7,37.7,25.7,26.9,38,32.3,10,8045.866667,0.707323429,34.18792261,1.398154563,1.044228408,1.102728599,0.751727453,0.786827568,1.111503628,0.944778083,1,Core,Core,1.094427169,569.103,0.070732343,Core,-1.924636893,0.138626983,Not Selected,1.128035326, 
DAN5_A,13, ,65, ,386.9,11931.3,cobble,Core,Bifacial,344,85.6,71,53,66.1,70.3,53.2,53,52,39.6,9,24681.7,0.483406735,58.37362373,1.466415729,1.132360744,1.204311048,0.911370523,0.907944318,0.890813293,0.678388585,1,Core,Core,0.56186744,1325.7,0.053711859,Core,-1.400525567,0.58899809,Not Selected,0.667119053, 
DAN5_A,1, ,95, ,519.5,12011.29,cobble,Core,Multifacial,130,64.1,52.6,50.4,38.2,54.5,20,35.3,48.7,41,15,12326.17333,0.974454088,40.79750746,1.571174417,0.936331712,1.335865924,0.490226027,0.865248938,1.193700376,1.004963356,1,Core,Core,1.085262988,800.7526667,0.064963606,Core,-1.756324874,-0.558301896,Not Selected,1.11956028, 
DAN5_A, 1-1, ,55, ,648.6,18470.01,cobble,pick,Bifacial,584,156,84.6,62,83,68.7,39.6,59.5,47.3,22,15,39100.1,0.472377564,57.89819935,2.694384311,1.433550627,1.186565399,0.683959094,1.027665811,0.816951141,0.379977275,2,Pick,Pick,0.583913391,1231.334,0.031491838,Pick,0.919063806,-1.949176426,Not Selected,0.68451389, 
DAN5_A,2015_4, ,20, ,259.9,5621.41,cobble,Core,Bifacial,354,90.6,78.6,40,74.6,72.2,62.1,40,39.5,34.5,8,24629.61,0.228237881,55.64479825,1.628184536,1.340646428,1.297515712,1.116007281,0.71884527,0.709859704,0.620004045,1,Core,Oldowan,0.511632452,702.67625,0.028529735,Core,-0.643397836,1.317061604,Not Selected,0.628197072, 
DAN5_A,2015_5, ,40, ,382.2,11662.28,cobble,Core,Bifacial,382,99.1,72.9,55,67.5,70,56.2,56,46.1,31.2,8,27137.24,0.429751883,57.66252003,1.718620691,1.170604406,1.213960125,0.974636557,0.9711681,0.799479453,0.54107937,1,Core,Core,0.469524311,1457.785,0.053718985,Core,-0.811579669,0.304714833,Not Selected,0.596374779, 
DAN5_A,2015_2, ,20, ,242,5944.32,flake,handaxe,Bifacial,388,142.5,87.5,36.1,80,87,59.5,25,35.6,24.4,6,33044.3,0.179889421,53.6629341,2.655464193,1.490786915,1.621230771,1.108772768,0.465870911,0.663400177,0.454690009,2,Handaxe/Cleaver,Large Flake,0.259054694,990.72,0.02998157,Handaxe,1.648026876,0.312816734,Selected,0.449593217, 
