Site,Locality,Catalog,FAI,Base,Weight,L,Br,T,Br1,Br2,Br3,T1,T2,T3,ScarCnt,SA_fitted,GM,GM_L,GM_Br1,GM_Br2,GM_Br3,GM_T1,GM_T2,GM_T3,Mode,Typology,Average_scar_area,BaseRefinement,MidRefinement,TipRefinement,AvgScarLength,GM_Scar_length,SDI,Volume_fitted,Avg_Scar_length,Contexts,LbyBr,LbyT,SA_Corrected,cSDI,Dis_1,Dis_2,Flaked,Note
OGS12,OGS12,13,40,flake,998,183,95,64,85.01,95.68,67.43,62.15,61.79,40.34,13,58316.3,76.65,2.39,1.11,1.25,0.88,0.81,0.81,0.53,2,Pick,1877.54,1.37,1.55,1.67,51.07,8.66,0.02,840360.96,51.07,Acheulean,1.93,2.86,36909.05,0.04,2,flake,Flaked,
OGS12,OGS12,15,90,cobble,480,133,84,63,78.99,77.8,48.14,34,63,21.38,14,32381.71,56.34,2.36,1.4,1.38,0.85,0.6,1.12,0.38,2,Handaxe,2419.96,2.32,1.23,2.25,57.74,14.35,0.04,378169.11,57.74,Acheulean,1.58,2.11,20494.76,0.07,2,cobble,Flaked,
OGS12,OGS12,16,60,cobble,586,135,84,42,69.93,83.62,64.42,43.65,41.35,21.59,11,33653.67,57.11,2.36,1.22,1.46,1.13,0.76,0.72,0.38,2,Handaxe,1901.49,1.6,2.02,2.98,49.96,9.62,0.03,351987.74,49.96,Acheulean,1.61,3.21,21299.79,0.05,2,flake,Flaked,
OGS12,OGS12,17,10,flake,618,167.3,107.59,53,91.75,96.79,55.15,43.49,45.29,23.94,4,45062.09,62.83,2.66,1.46,1.54,0.88,0.69,0.72,0.38,2,Knife,1829.69,2.11,2.14,2.3,53.31,3.39,0.01,535202.54,53.31,Acheulean,1.55,3.16,28520.31,0.01,2,flake,Flaked,
OGS12,OGS12,22,80,cobble,1016,159,110,75,89.15,97.95,64.39,53.76,71.97,40.7,11,51712.9,75.57,2.1,1.18,1.3,0.85,0.71,0.95,0.54,2,Pick,3565.07,1.66,1.36,1.58,75.14,10.94,0.02,758865.14,75.14,Acheulean,1.45,2.12,32729.68,0.03,2,cobble,Flaked,
OGS12,OGS12,55,25,flake,618,125,123,45,78.93,86.23,77.4,34.12,44.3,26.14,6,33642.99,59.38,2.11,1.33,1.45,1.3,0.57,0.75,0.44,2,Knife,1395.74,2.31,1.95,2.96,34.45,3.48,0.02,352123.06,34.45,Acheulean,1.02,2.78,21293.03,0.03,2,flake,Flaked,
OGS12,OGS12,57,25,flake,640,145,113,51,81.71,111.07,61.96,36.27,49.55,30.73,4,40759.02,64.22,2.26,1.27,1.73,0.96,0.56,0.77,0.48,2,Handaxe,2989.59,2.25,2.24,2.02,71.46,4.45,0.01,496260.53,71.46,Acheulean,1.28,2.84,25796.85,0.02,2,flake,Flaked,
OGS12,OGS12,58,25,flake,562,137,82,48,68.84,82.18,48.75,38.24,45.53,30.39,5,32786.23,57.18,2.4,1.2,1.44,0.85,0.67,0.8,0.53,1,Core,2226.2,1.8,1.8,1.6,57.95,5.07,0.02,355152.11,57.95,Acheulean,1.67,2.85,20750.78,0.02,2,flake,Flaked,
OGS12,OGS12,59,5,flake,854,170,116.84,37,106.52,116.84,92.31,33.93,35.97,22.14,8,51865.1,65.69,2.59,1.62,1.78,1.41,0.52,0.55,0.34,2,Knife,799.34,3.14,3.25,4.17,34.7,4.23,0.02,553185.37,34.7,Acheulean,1.45,4.59,32826.01,0.02,2,flake,Flaked,
OGS12,OGS12,60,40,flake,438,128,78,47,63.17,72.29,42.59,36.9,46.3,27,6,28078.24,52.83,2.42,1.2,1.37,0.81,0.7,0.88,0.51,2,Handaxe,1667.34,1.71,1.56,1.58,59.4,6.75,0.02,288411.76,59.4,Acheulean,1.64,2.72,17771.04,0.03,2,flake,Flaked,
OGS12,OGS12,61,0,flake,674,136.6,86.5,50.2,86,81,62.5,39,49.7,40.3,0,38520.15,64.5,2.12,1.33,1.26,0.97,0.6,0.77,0.62,2,Large Flake,#NULL!,2.21,1.63,1.55,#NULL!,0,0,446202.33,#NULL!,Acheulean,1.58,2.72,24379.84,0,2,flake,Unmodified,
OGS12,OGS12,62,15,flake,644,153.62,109,58,67,101.9,63.94,26.05,48.35,52.42,3,41931.06,64.06,2.4,1.05,1.59,1,0.41,0.75,0.82,2,Knife,3644.9,2.57,2.11,1.22,82.83,3.88,0.01,508160.13,82.83,Acheulean,1.41,2.65,26538.65,0.01,2,flake,Flaked,
OGS12,OGS12,63,40,flake,750,167,86,47,86,77.38,38.17,33.88,44.81,30.86,4,38727.41,57.13,2.92,1.51,1.35,0.67,0.59,0.78,0.54,2,Handaxe,2502.51,2.54,1.73,1.24,69.21,4.85,0.01,416576.71,69.21,Acheulean,1.94,3.55,24511.02,0.02,2,flake,Flaked,
OGS12,OGS12,64,0,flake,310,112.12,83.4,37.94,80,72,50,35.24,35.37,22.2,0,25965.26,50.97,2.2,1.57,1.41,0.98,0.69,0.69,0.44,2,Large Flake,#NULL!,2.27,2.04,2.25,#NULL!,0,0,239603.49,#NULL!,Acheulean,1.34,2.96,16433.71,0,2,flake,Unmodified,
OGS12,OGS12,65,60,flake,750,108,106,38,74.08,105.36,67.8,45.02,37.22,32.9,13,31657.06,61.02,1.77,1.21,1.73,1.11,0.74,0.61,0.54,2,Handaxe,1572.29,1.65,2.83,2.06,50.82,10.83,0.04,338123.84,50.82,Acheulean,1.02,2.84,20036.11,0.06,2,cobble,Flaked,
OGS12,OGS12,66,85,flake,772,151,74,63,74.37,69.7,40.36,62.42,74.13,40,12,42595.23,66.66,2.27,1.12,1.05,0.61,0.94,1.11,0.6,2,Pick,2012.55,1.19,0.94,1.01,56.92,10.25,0.03,569229.84,56.92,Acheulean,2.04,2.4,26959.01,0.04,2,cobble,Flaked,
OGS12,OGS12,70,70,flake,1018,166,100.28,83,100.28,86,64.92,75.76,74,46.11,9,60066.42,81.57,2.04,1.23,1.05,0.8,0.93,0.91,0.57,2,Pick,3867.93,1.32,1.16,1.41,95.36,10.52,0.01,928777.04,95.36,Acheulean,1.66,2,38016.72,0.02,2,cobble,Flaked,
OGS12,OGS12,74,80,cobble,896,150,90,73,86.88,73.77,44.09,70.15,57.66,35.18,15,44418.72,66.95,2.24,1.3,1.1,0.66,1.05,0.86,0.53,2,Pick,2123.07,1.24,1.28,1.25,55.75,12.49,0.03,589015.17,55.75,Acheulean,1.67,2.05,28113.11,0.05,2,cobble,Flaked,
OGS12,OGS12,75,0,flake,398,130.9,77.5,37.7,75,76.1,33.1,25.7,34.8,36.6,0,27687.07,50.25,2.6,1.49,1.51,0.66,0.51,0.69,0.73,2,Large Flake,#NULL!,2.92,2.19,0.9,#NULL!,0,0,249991.41,#NULL!,Acheulean,1.69,3.47,17523.46,0,2,flake,Unmodified,
OGS12,OGS12,76,100,cobble,120,60,51.3,43.5,43,50.8,39.6,30,43,35.6,14,12379.76,42.2,1.42,1.02,1.2,0.94,0.71,1.02,0.84,1,Core,865.86,1.43,1.18,1.11,33.78,11.21,0.11,96706.37,33.78,Acheulean,1.17,1.38,7835.29,0.18,1,cobble,Flaked,
OGS12,OGS12,78,25,flake,1018,151.9,145.61,58.91,123,110,63.36,53.6,58.7,48.3,5,55927.9,79.34,1.91,1.55,1.39,0.8,0.68,0.74,0.61,2,Knife,3646.27,2.29,1.87,1.31,70.54,4.45,0.01,807550.38,70.54,Acheulean,1.04,2.58,35397.41,0.01,2,flake,Flaked,
OGS12,OGS12,79,80,cobble,874,145.17,115.53,71.84,100.39,74.15,37.25,55.59,71.75,65.91,9,47235.6,72.55,2,1.38,1.02,0.51,0.77,0.99,0.91,2,Pick,4149.43,1.81,1.03,0.57,42.67,5.29,0.02,639838.19,42.67,Acheulean,1.26,2.02,29895.95,0.03,2,cobble,Flaked,
OGS12,OGS12,86,0,flake,342,123.5,90.5,38.5,65.1,89.2,56.8,30.5,37,18.6,0,27511.5,50.65,2.44,1.29,1.76,1.12,0.6,0.73,0.37,2,Large Flake,#NULL!,2.13,2.41,3.05,#NULL!,0,0,258485.73,#NULL!,Acheulean,1.36,3.21,17412.34,0,2,flake,Unmodified,
OGS12,OGS12,102,65,flake,412,129,81,46,67.55,79.85,51.46,28.58,43.38,36.07,10,30179.28,55.4,2.33,1.22,1.44,0.93,0.52,0.78,0.65,2,Pick,1089.85,2.36,1.84,1.43,39.99,7.22,0.03,308659.5,39.99,Acheulean,1.59,2.8,19100.81,0.05,2,cobble,Flaked,
OGS12,OGS12,104,50,cobble,892,117.43,107.41,77,103,105,53.17,59,73,52,4,43692.72,76.35,1.54,1.35,1.38,0.7,0.77,0.96,0.68,1,Core,6265.99,1.75,1.44,1.02,88.62,4.64,0.01,639671.41,88.62,Acheulean,1.09,1.53,27653.62,0.01,1,cobble,Flaked,
OGS12,OGS12,109,30,flake,250,100,70.2,36,59.58,70.2,55.46,34.51,31.19,19.59,11,21177.9,46.76,2.14,1.27,1.5,1.19,0.74,0.67,0.42,2,Knife,622.41,1.73,2.25,2.83,19.45,4.58,0.05,175959.47,19.45,Acheulean,1.42,2.78,13403.73,0.08,2,flake,Flaked,
OGS12,OGS12,110,40,flake,436,119,93,46,93.24,83.59,52.3,45.31,31.4,18.54,7,30928.49,53.65,2.22,1.74,1.56,0.97,0.84,0.59,0.35,2,Knife,2089,2.06,2.66,2.82,53.74,7.01,0.02,307054.97,53.74,Acheulean,1.28,2.59,19575,0.04,2,flake,Flaked,
OGS12,OGS12,112,20,cobble,1374,132,108,95,103.83,103.5,78.76,88.86,94.53,84.92,4,64701.83,96.81,1.36,1.07,1.07,0.81,0.92,0.98,0.88,1,Core,1915.47,1.17,1.09,0.93,41.78,1.73,0.01,1119426.14,41.78,Acheulean,1.22,1.39,40950.53,0.01,1,cobble,Flaked,
OGS12,OGS12,113,30,flake,#NULL!,126,80.62,42,47,78,48.6,41.22,40.37,20.33,4,26069.06,49.8,2.53,0.94,1.57,0.98,0.83,0.81,0.41,2,Knife,1404.57,1.14,1.93,2.39,58.72,4.72,0.02,252566.82,58.72,Acheulean,1.56,3,16499.4,0.02,#NULL!,flake,Flaked,
OGS12,OGS12,114,70,cobble,430,115,78,42,73.87,71.33,61.77,50.99,49.98,32.04,12,31810.88,60.76,1.89,1.22,1.17,1.02,0.84,0.82,0.53,1,Core,1570.08,1.45,1.43,1.93,41.03,8.1,0.04,353345.45,41.03,Acheulean,1.47,2.74,20133.47,0.06,1,cobble,Flaked,
OGS12,OGS12,115,15,flake,782,121,114,50,82.95,99.37,67.2,47.05,44.63,27.15,4,35440.84,62.73,1.93,1.32,1.58,1.07,0.75,0.71,0.43,2,Knife,2066.21,1.76,2.23,2.48,53.13,3.39,0.01,405775.07,53.13,Acheulean,1.06,2.42,22430.91,0.02,2,flake,Flaked,
OGS12,OGS12,125,97,cobble,604,108,82,76,82,60.75,45.58,53.39,76,70.49,10,35542.03,68.41,1.58,1.2,0.89,0.67,0.78,1.11,1.03,1,Core,3073.92,1.54,0.8,0.65,64.38,9.41,0.03,435090.06,64.38,Acheulean,1.32,1.42,22494.96,0.04,1,cobble,Flaked,
OGS12,OGS12,127,5,cobble,1142,115.37,102,86.22,89,101,82,81.9,86,70,1,52247.21,88.32,1.31,1.01,1.14,0.93,0.93,0.97,0.79,1,Core,3208.22,1.09,1.17,1.17,64.19,0.73,0,826739.46,64.19,Acheulean,1.13,1.34,33067.85,0,1,cobble,Flaked,
OGS12,OGS12,134,25,cobble,1078,118,102,73,84.4,104.7,75.6,67.15,73.75,55.49,3,46134.92,80.37,1.47,1.05,1.3,0.94,0.84,0.92,0.69,1,Core,3320.42,1.26,1.42,1.36,58.92,2.2,0.01,684725.98,58.92,Acheulean,1.16,1.62,29199.31,0.01,1,cobble,Flaked,
OGS12,OGS12,135,15,cobble,454,117,67,60,60.54,66.92,55.53,47.83,59.95,49.74,2,32217.47,62.57,1.87,0.97,1.07,0.89,0.76,0.96,0.79,1,Core,2683.25,1.27,1.12,1.12,65,2.08,0.01,373341.11,65,Acheulean,1.75,1.95,20390.8,0.01,1,cobble,Flaked,
OGS12,OGS12,139,15,cobble,430,110,68,50,63.39,67.93,51.87,52.87,68.83,46.61,3,31545.76,63.51,1.73,1,1.07,0.82,0.83,1.08,0.73,1,Core,1151.42,1.2,0.99,1.11,40.33,1.91,0.01,379143.04,40.33,Acheulean,1.62,2.2,19965.67,0.02,1,cobble,Flaked,
OGS12,OGS12,144,35,cobble,502,115,86,63,68.14,83.16,66.21,21.54,56.25,58.66,5,32488.55,60.79,1.89,1.12,1.37,1.09,0.35,0.93,0.97,1,Core,2588.44,3.16,1.48,1.13,68.85,5.66,0.02,380614.37,68.85,Acheulean,1.34,1.83,20562.37,0.02,1,cobble,Flaked,
OGS12,OGS12,226,95,flake,742,156,106,57,96.86,90.31,50.24,50.41,55,26.4,14,44607.93,65.22,2.39,1.49,1.38,0.77,0.77,0.84,0.4,2,Handaxe,2580.74,1.92,1.64,1.9,60.09,12.9,0.03,575345.56,60.09,Acheulean,1.47,2.74,28232.87,0.05,2,cobble,Flaked,
OGS12,OGS12,2012,95,flake,794,174,84,75,67.42,82.58,58.12,34.6,73.57,51.2,10,47937.32,68.86,2.53,0.98,1.2,0.84,0.5,1.07,0.74,2,Pick,4570.92,1.95,1.12,1.14,75.15,10.91,0.02,653662.77,75.15,Acheulean,2.07,2.32,30340.07,0.03,2,cobble,Flaked,
OGS12,OGS12,2042,65,cobble,794,158,86,60,64.74,84.12,58.27,39.54,60,25.41,10,39019.55,60.66,2.6,1.07,1.39,0.96,0.65,0.99,0.42,2,Handaxe,2921.24,1.64,1.4,2.29,65.71,10.83,0.03,473830.61,65.71,Acheulean,1.84,2.63,24695.92,0.04,2,flake,Flaked,
OGS12,OGS12,3050,35,flake,862,154.95,82.7,72.15,74.18,81.73,62.11,66.87,55.56,26.18,10,44459.34,66.37,2.33,1.12,1.23,0.94,1.01,0.84,0.39,2,Handaxe,1793.97,1.11,1.47,2.37,57.42,8.65,0.02,568981.64,57.42,Acheulean,1.87,2.15,28138.82,0.04,2,flake,Flaked,
OGS12,OGS12,5004,35,flake,914,160,104.78,66.39,84.34,89.51,47.58,42.58,66,28.34,8,43163.61,64.37,2.49,1.31,1.39,0.74,0.66,1.03,0.44,2,Pick,2389.9,1.98,1.36,1.68,59.44,7.39,0.02,572736.09,59.44,Acheulean,1.53,2.41,27318.74,0.03,2,flake,Flaked,
OGS12,OGS12,5005,85,cobble,1048,176,94,67,88.89,73.41,53.62,60.74,60.96,29.96,9,50135.02,68.16,2.58,1.3,1.08,0.79,0.89,0.89,0.44,2,Pick,4715.59,1.46,1.2,1.79,88.06,11.63,0.02,666799.49,88.06,Acheulean,1.87,2.63,31731.03,0.03,2,cobble,Flaked,
OGS12,OGS12,5011,30,cobble,444,121,82,48,73.59,81.28,69.5,43.75,37.69,15.09,6,30154.25,53.48,2.26,1.38,1.52,1.3,0.82,0.7,0.28,2,Handaxe,1214.69,1.68,2.16,4.61,38.77,4.35,0.02,292757.2,38.77,Acheulean,1.48,2.52,19084.97,0.03,2,flake,Flaked,
OGS12,OGS12,5017,0,flake,666,160,91.42,51.62,73,89,56,40,52,15,0,38426.67,56.4,2.84,1.29,1.58,0.99,0.71,0.92,0.27,2,Large Flake,#NULL!,1.83,1.71,3.73,#NULL!,0,0,442886.4,#NULL!,Acheulean,1.75,3.1,24320.68,0,2,flake,Unmodified,
OGS12,OGS12,5022,80,flake,474,142,82,51,58.9,81.14,46.54,48.89,49.9,20.92,17,32848.69,55.45,2.56,1.06,1.46,0.84,0.88,0.9,0.38,2,Handaxe,1214,1.2,1.63,2.22,38.77,11.89,0.05,370293.52,38.77,Acheulean,1.73,2.78,20790.31,0.08,2,cobble,Flaked,
OGS12,OGS12,5024,40,flake,624,151,80.58,51.1,75.84,80.58,39.6,45.99,51.91,32.13,13,37582.6,60.01,2.52,1.26,1.34,0.66,0.77,0.87,0.54,2,Handaxe,1343.22,1.65,1.55,1.23,42.48,9.2,0.03,445636.54,42.48,Acheulean,1.87,2.95,23786.45,0.05,2,flake,Flaked,
OGS12,OGS12,5025,75,cobble,738,160,83,70,83,57.38,33.82,50.62,70.76,40.86,14,41470.28,62.61,2.56,1.33,0.92,0.54,0.81,1.13,0.65,2,Pick,2074.2,1.64,0.81,0.83,54.67,12.22,0.03,509179.65,54.67,Acheulean,1.93,2.29,26247.01,0.05,2,cobble,Flaked,
OGS12,OGS12,5026,75,cobble,1206,158,101,74,84.2,101,58.7,64.2,80.6,76.5,6,58897.26,84.68,1.87,0.99,1.19,0.69,0.76,0.95,0.9,1,Core,6656.4,1.31,1.25,0.77,92.65,6.56,0.01,940438.23,92.65,Acheulean,1.56,2.14,37276.74,0.02,2,cobble,Flaked,
OGS12,OGS12,5030,25,flake,728,156,94,47,75.09,90.69,73.64,34.46,46.54,27.79,8,40847.9,61.91,2.52,1.21,1.46,1.19,0.56,0.75,0.45,2,Handaxe,1228.14,2.18,1.95,2.65,46.65,6.03,0.02,455843.54,46.65,Acheulean,1.66,3.32,25853.1,0.03,2,flake,Flaked,
OGS12,OGS12,5031,50,cobble,400,90,70.14,62,53.8,65,59.9,59.69,60.93,50.45,6,27219.48,61.84,1.46,0.87,1.05,0.97,0.97,0.99,0.82,1,Core,1846.08,0.9,1.07,1.19,50.74,4.92,0.02,302753.69,50.74,Acheulean,1.28,1.45,17227.52,0.03,1,cobble,Flaked,
OGS12,OGS12,5033,90,cobble,1082,182.88,109.91,72.52,88.94,94.41,45.43,63.21,51,49.51,11,55724.74,73.08,2.5,1.22,1.29,0.62,0.86,0.7,0.68,2,Pick,4500.08,1.41,1.85,0.92,96.78,14.57,0.02,765607.99,96.78,Acheulean,1.66,2.52,35268.82,0.03,2,cobble,Flaked,
OGS12,OGS12,5032,65,cobble,986,166,107,72,88.58,87.24,43.08,57.14,62.35,61.25,9,51926.94,73.92,2.25,1.2,1.18,0.58,0.77,0.84,0.83,2,Pick,3318.41,1.55,1.4,0.7,68.09,8.29,0.02,719783.19,68.09,Acheulean,1.55,2.31,32865.15,0.03,2,cobble,Flaked,
OGS12,OGS12,5034,5,flake,774,165,109,39,92.67,105.66,92.31,20.87,37.71,28.83,5,46180.82,61.65,2.68,1.5,1.71,1.5,0.34,0.61,0.47,2,Knife,1386.66,4.44,2.8,3.2,50.38,4.09,0.01,467167.87,50.38,Acheulean,1.51,4.23,29228.37,0.02,2,flake,Flaked,
OGS12,OGS12,5035,75,cobble,1080,184,110,66,102.53,94.31,54.75,71.56,91,53.56,16,67641.88,85.71,2.15,1.2,1.1,0.64,0.83,1.06,0.62,2,Pick,#NULL!,1.43,1.04,1.02,#NULL!,#NULL!,0.02,1144673.21,#NULL!,Acheulean,1.67,2.79,42811.32,0.04,2,cobble,Flaked,tip broken off at least 25mm
OGS12,OGS12,2015-13,0,flake,642,125,102.76,63.6,69.6,73.8,48.48,42.45,61.5,44,0,33406.81,62.13,2.01,1.12,1.19,0.78,0.68,0.99,0.71,2,Large Flake,#NULL!,1.64,1.2,1.1,#NULL!,0,0,397086.53,#NULL!,Acheulean,1.22,1.97,21143.55,0,2,flake,Unmodified,
OGS12,OGS12,2015-14,10,flake,526,143.8,103.4,42.4,87.8,103.8,57.9,33.8,39,24,2,37555.87,58.7,2.45,1.5,1.77,0.99,0.58,0.66,0.41,2,Knife,3385.88,2.6,2.66,2.41,62.93,2.14,0.01,398871.75,62.93,Acheulean,1.39,3.39,23769.54,0.01,2,flake,Flaked,
OGS12,OGS12,2015-22,5,flake,822,150.29,95.47,49.61,82,94,74.4,48.7,40,28.1,3,42875.03,64.64,2.32,1.27,1.45,1.15,0.75,0.62,0.43,2,Knife,1232.5,1.68,2.35,2.65,39.69,1.84,0.01,488222.05,39.69,Acheulean,1.57,3.03,27136.1,0.01,2,flake,Flaked,
OGS5,OGS5,1,10,cobble,896,183,119,44,97.35,119.04,81.72,42.94,38.68,24.13,12,55423.03,68.32,2.68,1.42,1.74,1.2,0.63,0.57,0.35,2,Handaxe,899.49,2.27,3.08,3.39,31.68,5.56,0.02,649589.85,31.68,Acheulean,1.54,4.16,35077.87,0.03,2,flake,Flaked,
OGS5,OGS5,4,35,flake,882,160,93,68.3,72.6,93,57.9,57.9,61,28,8,45334.07,67.2,2.38,1.08,1.38,0.86,0.86,0.91,0.42,2,Handaxe,2546.62,1.25,1.52,2.07,54.87,6.53,0.02,607080.67,54.87,Acheulean,1.72,2.34,28692.45,0.03,2,flake,Flaked,
OGS5,OGS5,9,0,flake,744,160,109,39,92.3,104.2,83.7,34.7,35.5,38.8,0,47965.04,67.15,2.38,1.37,1.55,1.25,0.52,0.53,0.58,2,Large Flake,#NULL!,2.66,2.94,2.16,#NULL!,0,0,535892.02,#NULL!,Acheulean,1.47,4.1,30357.62,0,2,flake,Unmodified,
OGS5,OGS5,10,40,flake,704,142,93,57,90.3,89.21,80.28,28.5,53.61,59.77,7,45396.65,70.18,2.02,1.29,1.27,1.14,0.41,0.76,0.85,2,Knife,2959.75,3.17,1.66,1.34,58.57,5.84,0.02,569556.76,58.57,Acheulean,1.53,2.49,28732.05,0.02,2,flake,Flaked,
OGS5,OGS5,11,0,flake,280,128.6,84.4,45.3,67.5,83.2,62.3,20,23.9,43.6,0,29829.15,51.32,2.51,1.32,1.62,1.21,0.39,0.47,0.85,2,Large Flake,#NULL!,3.38,3.48,1.43,#NULL!,0,0,256951.9,#NULL!,Acheulean,1.52,2.84,18879.21,0,2,flake,Unmodified,
OGS5,OGS5,12,0,flake,466,135.5,103.9,31.8,98.3,91.5,79,31.7,32.2,24.6,0,37335.61,58.76,2.31,1.67,1.56,1.34,0.54,0.55,0.42,2,Large Flake,#NULL!,3.1,2.84,3.21,#NULL!,0,0,357979.79,#NULL!,Acheulean,1.3,4.26,23630.13,0,2,flake,Unmodified,
OGS5,OGS5,14,0,flake,606,146.8,79.2,51.75,75,78.5,59.62,27.3,49.5,29.15,0,35011.74,57.31,2.56,1.31,1.37,1.04,0.48,0.86,0.51,2,Large Flake,#NULL!,2.75,1.59,2.05,#NULL!,0,0,371622.3,#NULL!,Acheulean,1.85,2.84,22159.33,0,2,flake,Unmodified,
OGS5,OGS5,18,0,flake,526,136.1,85.8,41.9,86.8,81.2,68.3,35.9,40,32,0,36532.13,60.63,2.24,1.43,1.34,1.13,0.59,0.66,0.53,2,Large Flake,#NULL!,2.42,2.03,2.13,#NULL!,0,0,383993.57,#NULL!,Acheulean,1.59,3.25,23121.6,0,2,flake,Unmodified,
OGS5,OGS5,19,30,cobble,644,96,88,66,77.9,83.86,64.4,57.2,61.94,63.16,5,34664.82,70.94,1.35,1.1,1.18,0.91,0.81,0.87,0.89,1,Core,1677.74,1.36,1.35,1.02,47.5,3.35,0.01,434575.86,47.5,Acheulean,1.09,1.45,21939.76,0.02,1,cobble,Flaked,
OGS5,OGS5,2,65,indet,840,165,73,53,74.6,73,54.4,52.5,52.7,36.16,17,43653.2,64.98,2.54,1.15,1.12,0.84,0.81,0.81,0.56,2,Pick,#NULL!,1.42,1.39,1.5,#NULL!,#NULL!,0.04,529836.83,#NULL!,Acheulean,2.26,3.11,27628.61,0.06,2,cobble,Flaked,too exfoliated for scar measures
OGS5,OGS5,21,5,flake,946,168,98.2,53,89.8,97.5,72.2,51,50,23.5,3,49284.5,67.47,2.49,1.33,1.45,1.07,0.76,0.74,0.35,2,Knife,2196.96,1.76,1.95,3.07,63.8,2.84,0.01,618239.16,63.8,Acheulean,1.71,3.17,31192.72,0.01,2,flake,Flaked,
OGS5,OGS5,23,0,flake,438,134.6,102,33.5,90,100.3,80,20,30,29.1,0,35480.83,55.86,2.41,1.61,1.8,1.43,0.36,0.54,0.52,2,Large Flake,#NULL!,4.5,3.34,2.75,#NULL!,0,0,317011.27,#NULL!,Acheulean,1.32,4.02,22456.22,0,2,flake,Unmodified,
OGS5,OGS5,2013-1,55,flake,824,170,106,50,102.75,103.43,84.11,31.12,38.9,20.41,10,48062.53,62.57,2.72,1.64,1.65,1.34,0.5,0.62,0.33,2,Handaxe,2114.18,3.3,2.66,4.12,54.05,8.64,0.02,501404.53,54.05,Acheulean,1.6,3.4,30419.32,0.03,2,flake,Flaked,
OGS5,OGS5,2013-2,15,flake,634,161,105,38,91.59,105,72.16,38.53,47.4,39.22,7,48637.68,69.71,2.31,1.31,1.51,1.04,0.55,0.68,0.56,2,Knife,1250.2,2.38,2.22,1.84,36.97,3.71,0.01,602285.82,36.97,Acheulean,1.53,4.24,30783.34,0.02,2,flake,Flaked,
OGS5,OGS5,3,50,cobble,1718,237,109,80,95.62,93.59,67.13,81.5,50.7,34.3,16,76904.31,79.56,2.98,1.2,1.18,0.84,1.02,0.64,0.43,2,Pick,2369.72,1.17,1.85,1.96,62.88,12.65,0.02,1160683.48,62.88,Acheulean,2.17,2.96,48673.61,0.03,2,flake,Flaked,
OGS5,OGS5,29,60,cobble,538,99.48,98.31,53,86.38,80,52.68,50,51,53.24,3,31880.94,65.03,1.53,1.33,1.23,0.81,0.77,0.78,0.82,1,Core,4798.79,1.73,1.57,0.99,84.29,3.89,0.01,367798.99,84.29,Acheulean,1.01,1.88,20177.81,0.01,1,cobble,Flaked,
OGS5,OGS5,31,0,flake,466,134,87.67,46.8,82,74.35,75,17.6,30.96,41.11,0,33204.24,54.19,2.47,1.51,1.37,1.38,0.32,0.57,0.76,2,Large Flake,#NULL!,4.66,2.4,1.82,#NULL!,0,0,301948.58,#NULL!,Acheulean,1.53,2.86,21015.34,0,2,flake,Unmodified,
OGS5,OGS5,32,0,flake,330,111.11,92,37.39,83,85.56,62.68,16.65,34.65,37.18,0,27395.12,52.23,2.13,1.59,1.64,1.2,0.32,0.66,0.71,2,Large Flake,#NULL!,4.98,2.47,1.69,#NULL!,0,0,244822.59,#NULL!,Acheulean,1.21,2.97,17338.68,0,2,flake,Unmodified,
OGS5,OGS5,33,0,flake,428,121.75,95.17,49.17,74.73,92,74,30,46.86,39.3,0,34117.67,61.75,1.97,1.21,1.49,1.2,0.49,0.76,0.64,2,Large Flake,#NULL!,2.49,1.96,1.88,#NULL!,0,0,380128.17,#NULL!,Acheulean,1.28,2.48,21593.46,0,2,flake,Unmodified,
OGS5,OGS5,34,40,cobble,308,87.16,75.5,58.52,60.3,74.41,40.29,40.97,53.94,48.04,3,22881.04,55.75,1.56,1.08,1.33,0.72,0.73,0.97,0.86,1,Core,2285.56,1.47,1.38,0.84,57.84,3.11,0.01,242174.09,57.84,Acheulean,1.15,1.49,14481.67,0.02,1,cobble,Flaked,
OGS5,OGS5,35,60,cobble,306,93,77.54,49.69,67,76,62,46,48,34,7,25836,57.99,1.6,1.16,1.31,1.07,0.79,0.83,0.59,1,Core,1308.73,1.46,1.58,1.82,40.03,4.83,0.03,271238.22,40.03,Acheulean,1.2,1.87,16351.9,0.04,1,cobble,Flaked,
OGS5,OGS5,36,100,indet,860,150,85,70,81.25,85.04,75.06,41,64.56,65.39,13,49469.42,75.09,2,1.08,1.13,1,0.55,0.86,0.87,2,Handaxe,3780.43,1.98,1.32,1.15,75.48,13.07,0.03,679615.49,75.48,Acheulean,1.76,2.14,31309.76,0.04,2,cobble,Flaked,core/protobiface?
OGS5,OGS5,37,0,flake,1236,160,129,58,100,126.7,87.7,58,53,32,0,57395.73,77.95,2.05,1.28,1.63,1.13,0.74,0.68,0.41,2,Large Flake,#NULL!,1.72,2.39,2.74,#NULL!,0,0,808975.2,#NULL!,Acheulean,1.24,2.76,36326.41,0,2,flake,Unmodified,
OGS5,OGS5,30+25,0,flake,1572,196,120,54.4,113.65,117,91,47,47,22,0,64529.82,73.44,2.67,1.55,1.59,1.24,0.64,0.64,0.3,2,Large Flake,#NULL!,2.42,2.49,4.14,#NULL!,0,0,830656.13,#NULL!,Acheulean,1.63,3.6,40841.66,0,2,flake,Unmodified,
OGS5,OGS5,40,0,flake,904,160,105.6,61.34,72,101.36,65,56.74,59.3,25,0,46179.61,67.5,2.37,1.07,1.5,0.96,0.84,0.88,0.37,2,Large Flake,#NULL!,1.27,1.71,2.6,#NULL!,0,0,618865,#NULL!,Acheulean,1.52,2.61,29227.6,0,2,flake,Unmodified,
OGS5,OGS5,42,75,cobble,900,168,94,90,92.17,80.67,47.82,74,90,50.44,7,57963.82,79.5,2.11,1.16,1.01,0.6,0.93,1.13,0.63,2,Pick,6320.61,1.25,0.9,0.95,118.44,10.43,0.01,914367.53,118.44,Acheulean,1.79,1.87,36685.96,0.02,2,cobble,Flaked,
OGS5,OGS5,43,5,flake,888,152.3,105.5,49.5,85.8,103.7,75.7,48.6,50.9,28,4,46161.62,68.54,2.22,1.25,1.51,1.1,0.71,0.74,0.41,2,Knife,832.65,1.77,2.04,2.7,34.94,2.04,0.01,581386.56,34.94,Acheulean,1.44,3.08,29216.22,0.01,2,flake,Flaked,
OGS5,OGS5,46,100,indet,1514,216,103,100.4,86.09,103,47.49,61.75,96.87,54.4,16,72641.91,84.04,2.57,1.02,1.23,0.57,0.73,1.15,0.65,2,Pick,4758.11,1.39,1.06,0.87,87.61,16.68,0.02,1274281.36,87.61,Acheulean,2.1,2.15,45975.89,0.03,2,cobble,Flaked,
OGS5,OGS5,47,0,flake,688,156,78.43,49.69,72.81,75.79,53.9,26.29,49,43.5,0,37672.98,59.37,2.63,1.23,1.28,0.91,0.44,0.83,0.73,2,Large Flake,#NULL!,2.77,1.55,1.24,#NULL!,0,0,410426.1,#NULL!,Acheulean,1.99,3.14,23843.66,0,2,flake,Unmodified,
OGS5,OGS5,49,100,indet,400,123,78,66,72.03,68.22,32.09,44.5,60.17,31.22,15,29482.04,55.5,2.22,1.3,1.23,0.58,0.8,1.08,0.56,2,Pick,#NULL!,1.62,1.13,1.03,#NULL!,#NULL!,0.05,337383.36,#NULL!,Acheulean,1.58,1.86,18659.52,0.08,2,cobble,Flaked,pick tip
OGS5,OGS5,5,5,flake,892,175,111,48,96.29,68.93,35.36,73.53,71.23,58.87,4,56319.68,74.44,2.35,1.29,0.93,0.48,0.99,0.96,0.79,2,Knife,#NULL!,1.31,0.97,0.6,#NULL!,#NULL!,0.01,812642.45,#NULL!,Acheulean,1.58,3.65,35645.37,0.01,2,cobble,Flaked,
OGS5,OGS5,50,10,flake,786,154.81,112.97,54.67,101.64,112,59.68,58.4,55,31.57,6,50990.19,72.63,2.13,1.4,1.54,0.82,0.8,0.76,0.43,2,Knife,2714.62,1.74,2.04,1.89,59.54,4.92,0.01,714194,59.54,Acheulean,1.37,2.83,32272.27,0.02,2,flake,Flaked,
OGS5,OGS5,51,25,flake,2172,255,129.87,88.33,105.8,111.86,78,70,88,40,3,94448.2,92.51,2.76,1.14,1.21,0.84,0.76,0.95,0.43,2,Knife,11036.11,1.51,1.27,1.95,115.18,3.73,0,1714108.57,115.18,Acheulean,1.96,2.89,59777.34,0.01,2,flake,Flaked,
OGS5,OGS5,52,5,flake,646,109,138,49,92.16,102.01,71.3,28.5,49.6,36.79,4,32889.18,62.68,1.74,1.47,1.63,1.14,0.45,0.79,0.59,2,Knife,460.05,3.23,2.06,1.94,22.01,1.4,0.01,370828.51,22.01,Acheulean,0.79,2.22,20815.94,0.02,2,flake,Flaked,
OGS5,OGS5,55,0,flake,726,145.8,95.9,60.4,80.6,90.5,73.3,60,54.8,40,0,46570.24,72.23,2.02,1.12,1.25,1.01,0.83,0.76,0.55,2,Large Flake,#NULL!,1.34,1.65,1.83,#NULL!,0,0,612366.12,#NULL!,Acheulean,1.52,2.41,29474.84,0,2,flake,Unmodified,
OGS5,OGS5,56,0,flake,288,114.6,89.2,32.4,69.4,85.2,67.9,31.7,26.8,16.3,0,26020.47,48.56,2.36,1.43,1.75,1.4,0.65,0.55,0.34,2,Large Flake,#NULL!,2.19,3.18,4.17,#NULL!,0,0,211406.78,#NULL!,Acheulean,1.28,3.54,16468.65,0,2,flake,Unmodified,
OGS5,OGS5,57,30,flake,498,127,92,45,83.13,85.38,60.56,44.62,40.85,25.9,11,34101.68,59.29,2.14,1.4,1.44,1.02,0.75,0.69,0.44,2,Handaxe,1139.94,1.86,2.09,2.34,38.74,7.19,0.03,367363.68,38.74,Acheulean,1.38,2.82,21583.34,0.05,2,flake,Flaked,
OGS5,OGS5,54,0,flake,398,110.3,85.7,54.5,63.8,77.3,58.5,31,52.2,53.1,0,29784,59.8,1.84,1.07,1.29,0.98,0.52,0.87,0.89,2,Large Flake,#NULL!,2.06,1.48,1.1,#NULL!,0,0,331930.12,#NULL!,Acheulean,1.29,2.02,18850.63,0,1,flake,Unmodified,
OGS5,OGS5,58,50,cobble,332,84.58,69.18,61.03,59.47,69,58.3,55.12,60.24,43.42,6,25293.79,60.35,1.4,0.99,1.14,0.97,0.91,1,0.72,1,Core,1598.14,1.08,1.15,1.34,38.48,3.83,0.02,278163.13,38.48,Acheulean,1.22,1.39,16008.72,0.04,1,cobble,Flaked,
OGS5,OGS5,59,10,flake,420,110,94,37,78.04,109.22,66.79,36.54,38.46,19.76,4,29750.75,56.05,1.96,1.39,1.95,1.19,0.65,0.69,0.35,2,Knife,1854.25,2.14,2.84,3.38,34,2.43,0.01,303901.9,34,Acheulean,1.17,2.97,18829.59,0.02,2,flake,Flaked,
OGS5,OGS5,6,75,cobble,1866,212,121,82,140.56,123.99,87.29,89.8,80.9,43.6,9,96442.59,100.31,2.11,1.4,1.24,0.87,0.9,0.81,0.43,2,Pick,8229.35,1.57,1.53,2,106.16,9.52,0.01,1851066.25,106.16,Acheulean,1.75,2.59,61039.61,0.01,2,cobble,Flaked,
OGS5,OGS5,60+68,20,flake,1340,190,118.8,59.8,99.84,105,84,59,47,32,9,62644.96,76.15,2.5,1.31,1.38,1.1,0.77,0.62,0.42,2,Handaxe,1940.8,1.69,2.23,2.63,56.86,6.72,0.01,847300.21,56.86,Acheulean,1.6,3.18,39648.71,0.02,2,flake,Flaked,
OGS5,OGS5,61,5,flake,446,138,90.75,50,78,82.71,62.47,18.7,44.8,31.2,2,32652.62,54.64,2.53,1.43,1.51,1.14,0.34,0.82,0.57,2,Knife,1293.86,4.17,1.85,2,39,1.43,0.01,323929.3,39,Acheulean,1.52,2.76,20666.22,0.01,2,flake,Flaked,
OGS5,OGS5,62,5,flake,1080,179.22,108.35,60.93,87.46,109.72,79.81,62.61,55.65,34.16,6,59508.09,77.2,2.32,1.13,1.42,1.03,0.81,0.72,0.44,2,Handaxe,1321.21,1.4,1.97,2.34,37.67,2.93,0.01,846218.13,37.67,Acheulean,1.65,2.94,37663.35,0.02,2,flake,Flaked,
OGS5,OGS5,63,5,flake,848,164,108,45.66,92.5,107.6,67,46,44,26,3,47882.6,66.51,2.47,1.39,1.62,1.01,0.69,0.66,0.39,2,Knife,1312.89,2.01,2.45,2.58,40.87,1.84,0.01,580783.37,40.87,Acheulean,1.52,3.59,30305.44,0.01,2,flake,Flaked,
OGS5,OGS5,64,10,flake,1100,151,133,59,110.93,111.09,89.13,59.21,55.5,36.52,7,56369.45,79.41,1.9,1.4,1.4,1.12,0.75,0.7,0.46,2,Knife,1441.16,1.87,2,2.44,33.14,2.92,0.01,796716.32,33.14,Acheulean,1.14,2.56,35676.86,0.02,2,flake,Flaked,
OGS5,OGS5,65,0,flake,550,127,91,54.2,73.5,91,61.2,28.7,53.7,37.2,0,33621.49,60.54,2.1,1.21,1.5,1.01,0.47,0.89,0.61,2,Large Flake,#NULL!,2.56,1.69,1.65,#NULL!,0,0,388622.63,#NULL!,Acheulean,1.4,2.34,21279.42,0,2,flake,Unmodified,
OGS5,OGS5,66,10,flake,642,120,101,49,79.89,102.71,79.18,33.91,49.44,32,4,35413.23,63.54,1.89,1.26,1.62,1.25,0.53,0.78,0.5,2,Knife,1113.84,2.36,2.08,2.47,44,2.77,0.01,408704.17,44,Acheulean,1.19,2.45,22413.44,0.02,2,flake,Flaked,
OGS5,OGS5,67,0,flake,1110,187,114,58.5,95.4,113.8,78.7,57.9,50.85,32.6,0,61602.45,76.5,2.44,1.25,1.49,1.03,0.76,0.66,0.43,2,Large Flake,#NULL!,1.65,2.24,2.41,#NULL!,0,0,856288.58,#NULL!,Acheulean,1.64,3.2,38988.89,0,2,flake,Unmodified,
OGS5,OGS5,69,0,flake,804,135,131.5,56.14,115,125,79.4,54.9,50.94,31.5,0,49921.2,75.18,1.8,1.53,1.66,1.06,0.73,0.68,0.42,2,Large Flake,#NULL!,2.09,2.45,2.52,#NULL!,0,0,676362.56,#NULL!,Acheulean,1.03,2.4,31595.7,0,2,flake,Unmodified,
OGS5,OGS5,7,75,cobble,1316,184,108,85,84.59,84.52,73.12,83.99,80.1,51.97,9,67121.67,85.58,2.15,0.99,0.99,0.85,0.98,0.94,0.61,2,Pick,5162.63,1.01,1.06,1.41,95.16,10.01,0.01,1073214.62,95.16,Acheulean,1.7,2.16,42482.07,0.02,2,cobble,Flaked,
OGS5,OGS5,71,0,flake,270,110.5,101.3,28.2,74,98,61,27.2,29.4,25.3,0,26753.73,51.71,2.14,1.43,1.9,1.18,0.53,0.57,0.49,2,Large Flake,#NULL!,2.72,3.33,2.41,#NULL!,0,0,234736.14,#NULL!,Acheulean,1.09,3.92,16932.74,0,2,flake,Unmodified,
OGS5,OGS5,72,30,flake,808,157,84,54,88.9,85.5,56.52,43.23,50,47.99,7,45506.2,68.39,2.3,1.3,1.25,0.83,0.63,0.73,0.7,2,Pick,2025.45,2.06,1.71,1.18,53.3,5.46,0.02,561130.37,53.3,Acheulean,1.87,2.91,28801.39,0.02,2,flake,Flaked,
OGS5,OGS5,76,75,flake,492,134,81.86,54.29,64.81,81.86,56.59,38.75,54,32.45,12,33690.16,59.79,2.24,1.08,1.37,0.95,0.65,0.9,0.54,2,Pick,1792.91,1.67,1.52,1.74,47.76,9.59,0.04,387728.61,47.76,Acheulean,1.64,2.47,21322.89,0.06,2,cobble,Flaked,
OGS5,OGS5,75,0,flake,396,130.3,99.4,34.4,88.8,92,44,31,27.2,22.6,0,30293.65,50.96,2.56,1.74,1.81,0.86,0.61,0.53,0.44,2,Large Flake,#NULL!,2.86,3.38,1.95,#NULL!,#NULL!,0,268726.55,#NULL!,Acheulean,1.31,3.79,19173.2,0,2,flake,Unmodified,
OGS5,OGS5,77,80,cobble,1120,142.65,95.76,77.6,92.71,65.16,30.24,70.7,73,55.97,10,45125.01,69.11,2.06,1.34,0.94,0.44,1.02,1.06,0.81,2,Pick,3705.48,1.31,0.89,0.54,74.17,10.73,0.02,612147.84,74.17,Acheulean,1.49,1.84,28560.13,0.04,2,cobble,Flaked,
OGS5,OGS5,78,40,flake,418,123.7,105.4,46,102.6,95.3,62.5,35.3,44.4,30,5,36017.69,62.08,1.99,1.65,1.54,1.01,0.57,0.72,0.48,2,Handaxe,2662.22,2.91,2.15,2.08,58.4,4.7,0.01,397110.77,58.4,Acheulean,1.17,2.69,22796.01,0.02,2,flake,Flaked,
OGS5,OGS5,8,100,indet,1170,179,92,90,46.8,84,44.92,50.26,96.4,50.67,18,49145.56,69.41,2.58,0.67,1.21,0.65,0.72,1.39,0.73,2,Pick,3124.34,0.93,0.87,0.89,70.32,18.24,0.04,751716.81,70.32,Acheulean,1.95,1.99,31104.79,0.06,2,cobble,Flaked,
OGS5,OGS5,80,0,flake,276,114.5,91.7,31.9,67.6,89.9,60.1,19.3,25.2,31.9,0,25663.87,48.69,2.35,1.39,1.85,1.23,0.4,0.52,0.66,2,Large Flake,#NULL!,3.5,3.57,1.88,#NULL!,0,0,207339.52,#NULL!,Acheulean,1.25,3.59,16242.96,0,2,flake,Unmodified,
OGS5,OGS5,81,10,flake,1250,172.85,115.75,70,108.08,122.16,83.49,66.5,40,25.6,8,60699.14,74.7,2.31,1.45,1.64,1.12,0.89,0.54,0.34,2,Handaxe,1409.77,1.63,3.05,3.26,42,4.5,0.01,810606.2,42,Acheulean,1.49,2.47,38417.18,0.02,2,flake,Flaked,
OGS5,OGS5,2015-1,0,flake,630,154.83,95.89,61.47,71,95.88,58.37,25,44,50,0,40226.99,61.65,2.51,1.15,1.56,0.95,0.41,0.71,0.81,2,Large Flake,#NULL!,2.84,2.18,1.17,#NULL!,0,0,455360.08,#NULL!,Acheulean,1.61,2.52,25460.12,0,2,flake,Unmodified,
OGS5,OGS5,2015-2,20,flake,976,165.36,110,59.62,91.95,102.1,75.81,60.75,55.83,26.24,10,53069.06,72.45,2.28,1.27,1.41,1.05,0.84,0.77,0.36,2,Handaxe,1652.65,1.51,1.83,2.89,45.83,6.33,0.02,724425.92,45.83,Acheulean,1.5,2.77,33588.01,0.03,2,flake,Flaked,
OGS5,OGS5,2015-3,40,flake,786,115.68,104,60.7,94.85,101,66,53.6,59,36.5,9,39185.42,70.25,1.65,1.35,1.44,0.94,0.76,0.84,0.52,1,Core,1789.25,1.77,1.71,1.81,50.91,6.52,0.02,513520.5,50.91,Acheulean,1.11,1.91,24800.9,0.04,1,cobble,Flaked,
OGS5,OGS5,2015-4,50,flake,512,135.66,77.93,47.85,71.99,77.32,41.4,51.69,52.4,21.09,9,33163.38,56.27,2.41,1.28,1.37,0.74,0.92,0.93,0.37,2,Pick,1815.71,1.39,1.48,1.96,45.38,7.26,0.03,387056,45.38,Acheulean,1.74,2.84,20989.48,0.04,2,cobble,Flaked,
BSN17B,BSN17,2012-2,80,cobble,58,47,43,35,36.98,38.47,32.64,28.29,30.15,26.5,12,7959.4,33.7,1.39,1.1,1.14,0.97,0.84,0.89,0.79,1,Core,471.47,1.31,1.28,1.23,26.18,9.32,0.15,47631.13,26.18,Acheulean,1.09,1.34,5037.59,0.24,1,cobble,Flaked,
BSN17C,BSN17,2013-1,30,cobble,480,128,87,46,82.6,54.82,27.39,45,46,25.96,8,28472.42,50.63,2.53,1.63,1.08,0.54,0.89,0.91,0.51,2,Pick,984.92,1.84,1.19,1.06,30.63,4.84,0.03,293558.05,30.63,Acheulean,1.47,2.78,18020.52,0.04,2,flake,Flaked,
BSN17C,BSN17,2013-3,60,cobble,170,85,48.98,42.66,42.46,48.98,35.41,42.66,38.06,26.56,6,16019.2,42.96,1.98,0.99,1.14,0.82,0.99,0.89,0.62,1,Core,1203.96,1,1.29,1.33,39.87,5.57,0.04,129479.14,39.87,Acheulean,1.74,1.99,10138.73,0.06,1,cobble,Flaked,
BSN17C,BSN17,2013-6,0,flake,366,107.2,81,45.7,84,62.8,47.6,40,37.5,28.2,0,26149.47,52.76,2.03,1.59,1.19,0.9,0.76,0.71,0.53,2,Large Flake,#NULL!,2.1,1.67,1.69,#NULL!,0,0,249659.75,#NULL!,Acheulean,1.32,2.35,16550.3,0,2,flake,Unmodified,
BSN17C,BSN17,2015-1,0,flake,298,109,88.8,35.6,78.6,87.1,68.2,20.5,31.2,35,0,27295.23,52.77,2.07,1.49,1.65,1.29,0.39,0.59,0.66,2,Large Flake,#NULL!,3.83,2.79,1.95,#NULL!,0,0,241568.05,#NULL!,Acheulean,1.23,3.06,17275.46,0,2,flake,Unmodified,
BSN17C,BSN17,2015-2,20,flake,304,92.8,73.8,44.4,72.3,63.1,49.3,39.6,42.5,25.2,7,22170.51,50.9,1.82,1.42,1.24,0.97,0.78,0.83,0.5,2,Knife,981.13,1.83,1.48,1.96,36.73,5.05,0.03,207850.91,36.73,Acheulean,1.26,2.09,14031.97,0.05,1,flake,Flaked,
BSN17C,BSN17,2015-3,25,flake,754,135.5,94,57.3,83,92.2,69.3,42.6,59,31.2,5,39780.73,66.31,2.04,1.25,1.39,1.05,0.64,0.89,0.47,2,Pick,1815.1,1.95,1.56,2.22,48.3,3.64,0.01,498024.94,48.3,Acheulean,1.44,2.36,25177.68,0.02,2,flake,Flaked,
BSN17C,BSN17,201,0,flake,278,125,75.1,34.5,75.3,68.7,62.2,22,28.3,33,0,27834.2,50.4,2.48,1.49,1.36,1.23,0.44,0.56,0.65,2,Large Flake,#NULL!,3.42,2.43,1.88,#NULL!,0,0,233203.16,#NULL!,Acheulean,1.66,3.62,17616.58,0,2,flake,Unmodified,
BSN17C,BSN17,212,35,cobble,312,73.5,66.1,51.7,65.5,55.6,53.2,47,50.5,47.3,4,21230.76,55.39,1.33,1.18,1,0.96,0.85,0.91,0.85,1,Core,1402.85,1.39,1.1,1.12,50.43,3.64,0.02,203806.52,50.43,Acheulean,1.11,1.42,13437.19,0.03,1,cobble,Flaked,
BSN17C,BSN17,231,50,cobble,480,101,90,63,68.15,75.23,41.79,50.37,58.29,46.03,9,28240.22,60.38,1.67,1.13,1.25,0.69,0.83,0.97,0.76,1,Core,1674.46,1.35,1.29,0.91,57.7,8.6,0.03,324683.06,57.7,Acheulean,1.12,1.6,17873.55,0.05,1,cobble,Flaked,
BSN17C,BSN17,235,40,cobble,198,67.8,53.6,49.7,48.4,52.9,40.3,39,47.3,45.6,4,16087.48,48.02,1.41,1.01,1.1,0.84,0.81,0.99,0.95,1,Core,1025.93,1.24,1.12,0.88,39.93,3.33,0.02,139332.97,39.93,Acheulean,1.26,1.36,10181.95,0.04,1,cobble,Flaked,
BSN17C,BSN17,28,60,cobble,494,90,78,78,63.61,78,62.15,53.2,70.67,59.61,11,30323.21,67.25,1.34,0.95,1.16,0.92,0.79,1.05,0.89,1,Core,1656.93,1.2,1.1,1.04,56.92,9.31,0.04,374251.88,56.92,Acheulean,1.15,1.15,19191.91,0.06,1,cobble,Flaked,
BSN17C,BSN17,29,70,cobble,520,113,80.49,62,72.5,74.78,56.62,52.13,63.6,47.55,12,34132.6,66.02,1.71,1.1,1.13,0.86,0.79,0.96,0.72,2,Pick,#NULL!,1.39,1.18,1.19,#NULL!,#NULL!,0.04,418681.46,#NULL!,Acheulean,1.4,1.82,21602.91,0.06,1,cobble,Flaked,BROKEN PICK
BSN17C,BSN17,36,65,cobble,228,103,58,47,57.64,51.18,30.81,39.2,43.6,24.55,15,19975.17,45.32,2.27,1.27,1.13,0.68,0.86,0.96,0.54,2,Pick,783.42,1.47,1.17,1.25,32.13,10.63,0.08,178356.46,32.13,Acheulean,1.78,2.19,12642.51,0.12,1,cobble,Flaked,
BSN17,BSN17,2012-1,80,cobble,554,128,80,78,79.98,64.16,35.89,77.58,63.49,41.43,16,38627.66,64.83,1.97,1.23,0.99,0.55,1.2,0.98,0.64,2,Pick,1508.8,1.03,1.01,0.87,44.78,11.05,0.04,496965.83,44.78,Acheulean,1.6,1.64,24447.89,0.07,1,cobble,Flaked,
BSN17,BSN17,2014-12,65,cobble,580,101,88,73.6,84.43,83.33,50.43,72.64,73.6,44.82,11,35949.43,70.42,1.43,1.2,1.18,0.72,1.03,1.05,0.64,1,Core,1422.22,1.16,1.13,1.13,37.23,5.82,0.03,484163.44,37.23,Acheulean,1.15,1.37,22752.81,0.05,1,cobble,Flaked,
BSN17,BSN17,21,30,cobble,682,159,79,78.67,55.7,73.31,43.92,74.64,43.46,22.3,7,38349.84,57.44,2.77,0.97,1.28,0.76,1.3,0.76,0.39,2,Pick,1686.65,0.75,1.69,1.97,46.26,5.64,0.02,436703.43,46.26,Acheulean,2.01,2.02,24272.05,0.03,2,flake,Flaked,
BSN17,BSN17,24,60,cobble,854,181,79.5,64,77,61.87,29.37,63,61,35.88,13,45497.94,61.93,2.92,1.24,1,0.47,1.02,0.99,0.58,2,Pick,1878.01,1.22,1.01,0.82,50.26,10.55,0.03,578118.64,50.26,Acheulean,2.28,2.83,28796.17,0.05,2,cobble,Flaked,
BSN17,BSN17,25,25,cobble,866,131,93,68,81.11,92.97,76.94,53.86,65.16,45.13,6,44099.07,73.9,1.77,1.1,1.26,1.04,0.73,0.88,0.61,1,Core,1778.11,1.51,1.43,1.7,52.47,4.26,0.01,600845.64,52.47,Acheulean,1.41,1.93,27910.8,0.02,1,cobble,Flaked,
BSN17,BSN17,26,0,flake,402,121.8,96.7,40.5,86.5,98,59.2,30,39.7,38.7,0,33476.56,60.05,2.03,1.44,1.63,0.99,0.5,0.66,0.64,2,Large Flake,#NULL!,2.88,2.47,1.53,#NULL!,0,0,352768.27,#NULL!,Acheulean,1.26,3.01,21187.7,0,2,flake,Unmodified,
BSN17,BSN17,32,66,cobble,1000,156,88,80,62.49,88,50.38,46.55,78.04,39.53,6,42859.39,67.23,2.32,0.93,1.31,0.75,0.69,1.16,0.59,2,Pick,#NULL!,1.34,1.13,1.27,#NULL!,#NULL!,0.01,605814.11,#NULL!,Acheulean,1.77,1.95,27126.2,0.02,2,cobble,Flaked,BROKEN PICK
BSN17,BSN17,34,35,cobble,688,141,81,56,75.5,61.62,40.75,54.17,56,30.08,10,35218.88,58.83,2.4,1.28,1.05,0.69,0.92,0.95,0.51,2,Pick,1034.91,1.39,1.1,1.35,40.68,6.91,0.03,407896.64,40.68,Acheulean,1.74,2.52,22290.43,0.04,2,cobble,Flaked,
BSN17C,BSN17,35,40,cobble,498,117,84,55,85.11,76.64,34.13,53.24,53.07,34.42,9,31961.59,59.15,1.98,1.44,1.3,0.58,0.9,0.9,0.58,2,Handaxe,1336.18,1.6,1.44,0.99,46.39,7.06,0.03,377346.95,46.39,Acheulean,1.39,2.13,20228.86,0.04,1,cobble,Flaked,
BSN17,BSN17,37,0,flake,410,130,76.5,36,71.5,75.5,59.3,37,34,27,0,30619.27,54.42,2.39,1.31,1.39,1.09,0.68,0.62,0.5,2,Large Flake,#NULL!,1.93,2.22,2.2,#NULL!,0,0,292303.44,#NULL!,Acheulean,1.7,3.61,19379.28,0,2,flake,Unmodified,
BSN17,BSN17,38,10,cobble,316,91,79,50,71.39,70.81,46.22,48.52,37.67,20.95,5,22362.79,50.3,1.81,1.42,1.41,0.92,0.96,0.75,0.42,1,Core,#NULL!,1.47,1.88,2.21,#NULL!,#NULL!,0.02,213199.92,#NULL!,Acheulean,1.15,1.82,14153.67,0.04,1,flake,Flaked,
BSN17,BSN17,510,50,cobble,246,104,54,53,57.72,49.76,42.82,31.52,35.68,44.31,7,21868.85,48.57,2.14,1.19,1.02,0.88,0.65,0.73,0.91,2,Pick,#NULL!,1.83,1.39,0.97,#NULL!,#NULL!,0.03,188489.74,#NULL!,Acheulean,1.93,1.96,13841.04,0.05,1,cobble,Flaked,BROKEN
OGS7,OGS7,523,60,cobble,82,63,40,36,35.1,37.2,32,35.7,27.2,23.7,4,10029.27,34.7,1.82,1.01,1.07,0.92,1.03,0.78,0.68,1,Oldowan,1205.2,0.98,1.37,1.35,49.28,5.68,0.04,62854.61,49.28,Oldowan,1.58,1.75,6347.64,0.06,1,cobble,Flaked,
OGS7,OGS7,355,55,cobble,42,45,33,29,32,28.8,24.4,23.2,28.7,23.5,6,6133.8,28.65,1.57,1.12,1.01,0.85,0.81,1,0.82,1,Oldowan,428.21,1.38,1,1.04,25.43,5.33,0.1,31814.05,25.43,Oldowan,1.36,1.55,3882.15,0.15,1,cobble,Flaked,
OGS7,OGS7,334,50,cobble,70,64,40,28,41,38.5,36.7,19.6,25.1,22,6,9414.73,32.72,1.96,1.25,1.18,1.12,0.6,0.77,0.67,1,Oldowan,725.27,2.09,1.53,1.67,36.07,6.61,0.06,54433.63,36.07,Oldowan,1.6,2.29,5958.69,0.1,1,cobble,Flaked,
OGS7,OGS7,437,45,flake,54,67,40,22,33.6,38.6,20,10.2,20.8,19.5,5,7106.65,25.59,2.62,1.31,1.51,0.78,0.4,0.81,0.76,1,Oldowan,362.49,3.29,1.86,1.03,25.58,5,0.07,33952.12,25.58,Oldowan,1.68,3.05,4497.88,0.11,2,flake,Flaked,
OGS7,OGS7,486,70,indet,72,70,43,36,34.9,40.8,24.9,19.4,29.2,22.7,8,9264.29,31.66,2.21,1.1,1.29,0.79,0.61,0.92,0.72,1,Oldowan,852.94,1.8,1.4,1.1,36.06,9.11,0.09,56217.32,36.06,Oldowan,1.63,1.94,5863.47,0.14,1,cobble,Flaked,
OGS7,OGS7,335,75,cobble,142,67,60,38.6,50,56.9,26.2,31,39.5,23.5,6,12309.5,39.26,1.71,1.27,1.45,0.67,0.79,1.01,0.6,1,Oldowan,1674.48,1.61,1.44,1.11,52.83,8.07,0.05,97576.96,52.83,Oldowan,1.12,1.74,7790.82,0.08,1,cobble,Flaked,
OGS7,OGS7,485,70,cobble,84,62,51,41,47.3,36.4,21.4,30.6,34.6,24.7,8,10035.96,34.63,1.79,1.37,1.05,0.62,0.88,1,0.71,1,Oldowan,885.79,1.55,1.05,0.87,39.58,9.14,0.08,66196.28,39.58,Oldowan,1.22,1.51,6351.87,0.13,1,cobble,Flaked,
OGS7,OGS7,2006,35,flake,25,42,34,16,29.8,31.3,27.1,13.9,15.2,13.1,5,4420.43,22.52,1.86,1.32,1.39,1.2,0.62,0.67,0.58,1,Oldowan,72.04,2.14,2.06,2.07,4.23,2.26,0.27,17255.56,4.23,Oldowan,1.24,2.63,2797.74,0.18,1,flake,Flaked,
OGS7,OGS7,2016,75,flake,154,73,49,46,41.3,41.6,28.3,14.7,25,14.2,10,9043.84,29.3,2.49,1.41,1.42,0.97,0.5,0.85,0.48,1,Oldowan,166.58,2.81,1.66,1.99,12.1,4.13,0.11,49359.69,12.1,Oldowan,1.49,1.59,5723.95,0.17,2,flake,Flaked,protopick
OGS7,OGS7,2066,95,cobble,34,44,33,27,29.8,28.3,19.4,25.2,25.4,19.6,8,5463.73,26.44,1.66,1.13,1.07,0.73,0.95,0.96,0.74,1,Oldowan,303.66,1.18,1.11,0.99,18.34,10.4,0.27,26862.29,18.34,Oldowan,1.33,1.63,3458.06,0.23,1,cobble,Flaked,
OGS7,OGS7,2081,60,indet,50,47,38,25,37.5,34.2,23.8,25.4,23.3,18,7,6463.17,28.5,1.65,1.32,1.2,0.84,0.89,0.82,0.63,1,Oldowan,540.24,1.48,1.47,1.32,27.91,6.86,0.11,33777.06,27.91,Oldowan,1.24,1.88,4090.61,0.17,1,cobble,Flaked,
OGS7,OGS7,2092,50,cobble,36,41,33.1,26,24.3,31.3,21.3,22,24.7,22,6,4982.93,25.96,1.58,0.94,1.21,0.82,0.85,0.95,0.85,1,Oldowan,439.53,1.1,1.27,0.97,31,7.17,0.12,24033.47,31,Oldowan,1.24,1.58,3153.76,0.19,1,cobble,Flaked,
OGS7,OGS7,2222,50,cobble,38,48.8,40.5,20.4,34.7,40.4,25.7,17.2,19.7,14,5,5891.95,26.14,1.87,1.33,1.55,0.98,0.66,0.75,0.54,1,Oldowan,516.13,2.02,2.05,1.84,24.88,4.76,0.08,28222.58,24.88,Oldowan,1.2,2.39,3729.08,0.13,1,cobble,Flaked,
EG10,EG10,1320,35,cobble,342,81.2,66.8,59.6,62.8,65.6,50.9,57.4,59.6,52.4,10,25148.17,60.75,1.34,1.03,1.08,0.84,0.94,0.98,0.86,1,Oldowan,702.45,1.09,1.1,0.97,19.66,3.24,0.04,272827.23,19.66,Oldowan,1.22,1.36,15916.57,0.06,1,cobble,Flaked,AWESOME HAMMERSTONE W/PITTING AND FLAKING
EG10,EG10,83,30,cobble,192,68.8,53.1,47.7,44.3,52.2,36.3,44.6,47.5,43.8,12,15890.09,47.38,1.45,0.94,1.1,0.77,0.94,1,0.92,1,Oldowan,388.87,0.99,1.1,0.83,20.82,5.27,0.08,137250.67,20.82,Oldowan,1.3,1.44,10057.02,0.12,1,cobble,Flaked,
EG10,EG10,4202,45,cobble,182,66,60.5,41,60,56.3,38.8,32,39.3,37.2,11,14961.76,45.52,1.45,1.32,1.24,0.85,0.7,0.86,0.82,1,Oldowan,603.67,1.88,1.43,1.04,27.37,6.62,0.07,121444.19,27.37,Oldowan,1.09,1.61,9469.47,0.12,1,cobble,Flaked,
EG10,EG10,1334,35,flake,210,85.1,50.6,44.4,49.1,47.9,34.6,42.8,44.1,35.6,9,17749.18,46.43,1.83,1.06,1.03,0.75,0.92,0.95,0.77,1,Oldowan,658.4,1.15,1.09,0.97,31.48,6.1,0.05,152929.63,31.48,Oldowan,1.68,1.92,11233.66,0.08,1,cobble,Flaked,
EG10,EG10,184,30,cobble,199,71,61.4,46,47.6,58.6,43.5,37.2,46,38.9,9,16328.07,47.84,1.48,0.99,1.22,0.91,0.78,0.96,0.81,1,Oldowan,559.46,1.28,1.27,1.12,22.21,4.18,0.06,144292.95,22.21,Oldowan,1.16,1.54,10334.22,0.09,1,cobble,Flaked,
EG10,EG10,4182,30,cobble,147,84.9,49.3,38.2,36,46.9,34.2,34.5,38.1,32,9,14884.62,41.34,2.05,0.87,1.13,0.83,0.83,0.92,0.77,1,Oldowan,469.93,1.04,1.23,1.07,23.93,5.21,0.06,115522.22,23.93,Oldowan,1.72,2.22,9420.65,0.1,1,cobble,Flaked,
EG10,EG10,344,65,cobble,195,82.1,58.6,37.1,55.4,58.1,54.7,38,38.5,36.5,11,19492.76,49.91,1.64,1.11,1.16,1.1,0.76,0.77,0.73,1,Oldowan,860.01,1.46,1.51,1.5,27.66,6.1,0.06,171731.69,27.66,Oldowan,1.4,2.21,12337.19,0.09,1,cobble,Flaked,
EG10,EG10,1302,35,cobble,518,103.9,71.6,60.1,64.2,70.3,53.8,55.1,60,40,10,29475.59,61.52,1.69,1.04,1.14,0.87,0.9,0.98,0.65,1,Oldowan,968.34,1.17,1.17,1.35,33.41,5.43,0.03,339695.71,33.41,Oldowan,1.45,1.73,18655.44,0.05,1,cobble,Flaked,
EG10,EG10,1335,40,cobble,158,68.2,55.7,33.2,49.9,53.1,33.2,32.2,33,28,9,12966.43,40.49,1.68,1.23,1.31,0.82,0.8,0.81,0.69,1,Oldowan,413.92,1.55,1.61,1.19,22.94,5.1,0.07,96521.03,22.94,Oldowan,1.22,2.05,8206.6,0.11,1,cobble,Flaked,
EG10,EG10,1125,40,cobble,212,85.3,65.8,35,56.6,64.9,54.1,26.2,34.8,24.4,10,17645.16,45.06,1.89,1.26,1.44,1.2,0.58,0.77,0.54,1,Oldowan,630.5,2.16,1.86,2.22,21.89,4.86,0.06,142475.6,21.89,Oldowan,1.3,2.44,11167.82,0.09,1,flake,Flaked,HAMMERSTONE???
EG10,EG10,1184,30,cobble,338,104.7,71.4,50.8,45.7,67.2,38.8,38.7,48.3,41.7,11,22958.47,51.59,2.03,0.89,1.3,0.75,0.75,0.94,0.81,1,Oldowan,666.84,1.18,1.39,0.93,25.02,5.33,0.05,229152.94,25.02,Oldowan,1.47,2.06,14530.68,0.08,1,cobble,Flaked,
EG10,EG10,72,40,indet,96,70.1,52.3,29.6,49.3,47.9,41.1,30.3,31.2,17.2,8,12341.84,37.82,1.85,1.3,1.27,1.09,0.8,0.83,0.45,1,Oldowan,556.33,1.63,1.54,2.39,30.43,6.44,0.06,85480.83,30.43,Oldowan,1.34,2.37,7811.29,0.1,1,cobble,Flaked,
EG10,EG10,205,55,cobble,232,70.6,65.1,61.6,50,61.2,33.6,53.5,57.9,38.2,10,17814.95,50.68,1.39,0.99,1.21,0.66,1.06,1.14,0.75,1,Oldowan,972.14,0.93,1.06,0.88,36.42,7.19,0.06,174781.6,36.42,Oldowan,1.08,1.15,11275.28,0.09,1,cobble,Flaked,
EG10,EG10,1545,35,cobble,452,84.5,68.4,66.1,65.4,66.5,57.6,51.8,63,42.4,10,25360.73,60.39,1.4,1.08,1.1,0.95,0.86,1.04,0.7,1,Oldowan,877.83,1.26,1.06,1.36,32.81,5.43,0.04,279392.64,32.81,Oldowan,1.24,1.28,16051.09,0.06,1,cobble,Flaked,PUBLISHED HAMMERSTONE
EG10,EG10,1559,25,cobble,228,80,56.3,34.6,52.1,49.8,44.8,34.4,34.5,33.5,10,16578.37,44.93,1.78,1.16,1.11,1,0.77,0.77,0.75,1,Oldowan,473.8,1.51,1.44,1.34,21.99,4.89,0.06,132294.1,21.99,Oldowan,1.42,2.31,10492.64,0.1,1,cobble,Flaked,
EG10,EG10,303,20,cobble,134,63.5,50.8,34.6,49.4,46.6,41.1,24.7,32.5,33.6,9,12248.91,39.94,1.59,1.24,1.17,1.03,0.62,0.81,0.84,1,Oldowan,326.72,2,1.43,1.22,22.39,5.05,0.07,86243.24,22.39,Oldowan,1.25,1.84,7752.47,0.12,1,cobble,Flaked,
EG10,EG10,1171,60,flake,158,86.3,61.5,39.8,57.9,60.1,27,30.4,34,23,11,15751.91,40.94,2.11,1.41,1.47,0.66,0.74,0.83,0.56,1,Oldowan,974.28,1.9,1.77,1.17,42.82,11.5,0.07,126007.04,42.82,Oldowan,1.4,2.17,9969.56,0.11,1,cobble,Flaked,
EG10,EG10,1223,50,cobble,166,82,57.7,38.9,50.4,57.1,48.5,26.9,38.3,20.5,7,15562.94,42.29,1.94,1.19,1.35,1.15,0.64,0.91,0.48,1,Oldowan,995.27,1.87,1.49,2.37,36.14,5.98,0.04,122769.6,36.14,Oldowan,1.42,2.11,9849.96,0.07,1,cobble,Flaked,
EG10,EG10,1215,30,cobble,206,78,53.2,45.5,48.4,51.2,43.4,31.9,45,40.8,10,16871.08,46.79,1.67,1.03,1.09,0.93,0.68,0.96,0.87,1,Oldowan,525.17,1.52,1.14,1.06,24.14,5.16,0.06,144624.82,24.14,Oldowan,1.47,1.71,10677.9,0.09,1,cobble,Flaked,
EG10,EG10,1533,80,cobble,196,80.4,56,56.8,48.3,47,36.7,36.5,49.6,25.8,15,15782.85,43.87,1.83,1.1,1.07,0.84,0.83,1.13,0.59,1,Oldowan,829.82,1.32,0.95,1.42,35.55,12.16,0.1,133748.08,35.55,Oldowan,1.44,1.42,9989.15,0.15,1,cobble,Flaked,
EG10,EG10,316,30,cobble,272,84.3,64.2,58.9,56.3,53.7,42.9,42,62.4,45.9,8,21373.55,53.86,1.57,1.05,1,0.8,0.78,1.16,0.85,1,Oldowan,698.93,1.34,0.86,0.93,27.61,4.1,0.04,213777.61,27.61,Oldowan,1.31,1.43,13527.56,0.06,1,cobble,Flaked,
EG10,EG10,1121,30,cobble,134,79.6,43.9,42.6,42.4,41.3,30.4,33.6,38,25.3,5,13390.83,38.99,2.04,1.09,1.06,0.78,0.86,0.97,0.65,1,Oldowan,681.75,1.26,1.09,1.2,32.66,4.19,0.04,98850.69,32.66,Oldowan,1.81,1.87,8475.21,0.06,1,cobble,Flaked,
EG10,EG10,4103,20,flake,114,64.1,58.8,36.8,58,56,36.8,32.2,35.6,26.3,4,13300.83,42.01,1.53,1.38,1.33,0.88,0.77,0.85,0.63,1,Oldowan,601.72,1.8,1.57,1.4,28.55,2.72,0.03,102148.68,28.55,Oldowan,1.09,1.74,8418.25,0.05,1,cobble,Flaked,
EG10,EG10,MAR_2004,35,flake,406,86,84.1,67,57.5,84,42,50,65.4,36.2,5,23607.8,57.45,1.5,1,1.46,0.73,0.87,1.14,0.63,1,Oldowan,1470.03,1.15,1.28,1.16,44.58,3.88,0.02,280649.82,44.58,Oldowan,1.02,1.28,14941.65,0.03,1,cobble,Flaked,
DAN5_S,DAN5,18,5,cobble,530,122.15,74.11,60.34,71.02,72.01,39.63,56.1,59.63,32.84,6,32258.83,59.75,2.04,1.19,1.21,0.66,0.94,1,0.55,2,Pick,544.65,1.27,1.21,1.21,22.33,2.24,0.02,386149.99,22.33,Acheulean,1.65,2.02,20416.98,0.03,2,cobble,Flaked,
DAN5_S,DAN5,19,30,flake,502,137.28,84.05,48.05,74.67,83.14,62.28,28.86,44.47,18.19,12,31806.4,53.41,2.57,1.4,1.56,1.17,0.54,0.83,0.34,2,Handaxe,754.9,2.59,1.87,3.42,28.97,6.51,0.04,316441.12,28.97,Acheulean,1.63,2.86,20130.63,0.06,2,flake,Flaked,
DAN5_S,DAN5,20,35,flake,378,133.75,86.17,39.51,70.86,80.91,64.57,35.22,39.66,19.71,5,31492.96,54.14,2.47,1.31,1.49,1.19,0.65,0.73,0.36,2,Handaxe,2158.83,2.01,2.04,3.28,69.18,6.39,0.02,307958.57,69.18,Acheulean,1.55,3.39,19932.25,0.03,2,flake,Flaked,
DAN5_S,DAN5,25,10,flake,360,122.3,90,35.6,79,90,76.1,34.1,23.5,13.5,7,29502.09,49.38,2.48,1.6,1.82,1.54,0.69,0.48,0.27,2,Knife,639.2,2.32,3.83,5.64,31.39,4.45,0.02,235545.21,31.39,Acheulean,1.36,3.44,18672.21,0.04,2,flake,Flaked,
DAN5_S,DAN5,30,5,flake,462,130.96,96.84,48.41,96.84,81.1,54.03,22.34,45.79,47.45,3,35070.56,59.68,2.19,1.62,1.36,0.91,0.37,0.77,0.8,2,Knife,1655.04,4.33,1.77,1.14,47.67,2.4,0.01,364779.96,47.67,Acheulean,1.35,2.71,22196.56,0.01,2,flake,Flaked,
DAN5_S,DAN5,32,0,flake,118,105.4,61.6,24,56.6,57.2,54,24.3,20,17.2,0,18416.33,39.65,2.66,1.43,1.44,1.36,0.61,0.5,0.43,2,Large Flake,#NULL!,2.33,2.86,3.14,#NULL!,0,0,119934.6,#NULL!,Acheulean,1.71,4.39,11655.9,0,2,flake,Unmodified,
DAN5_S,DAN5,36,80,cobble,352,80.11,77.7,64.56,66.18,77.16,36.91,59.45,62.93,50.11,12,24622.63,60.1,1.33,1.1,1.28,0.61,0.99,1.05,0.83,1,Core,1383.84,1.11,1.23,0.74,47.03,9.39,0.05,281272.71,47.03,Acheulean,1.03,1.24,15583.94,0.08,1,cobble,Flaked,
DAN5_S,DAN5,37,50,flake,496,124.52,92.04,46.5,89.46,90.7,73.76,27.75,44.12,33.2,13,34732.3,60.68,2.05,1.47,1.49,1.22,0.46,0.73,0.55,2,Handaxe,1070.56,3.22,2.06,2.22,37.58,8.05,0.04,367072.54,37.58,Acheulean,1.35,2.68,21982.47,0.06,2,flake,Flaked,
DAN5_S,DAN5,41,10,flake,348,126.71,90.31,35.21,72.47,90,56.22,28,35.13,21.41,4,28847.68,51.63,2.45,1.4,1.74,1.09,0.54,0.68,0.41,2,Knife,947.01,2.59,2.56,2.63,38.35,2.97,0.01,267382.8,38.35,Acheulean,1.4,3.6,18258.02,0.02,2,flake,Flaked,
DAN5_S,DAN5,45,30,cobble,684,117.08,82.05,74.13,66.05,82,54.35,74.29,73.05,42.76,4,37866.79,69.71,1.68,0.95,1.18,0.78,1.07,1.05,0.61,1,Core,1844.23,0.89,1.12,1.27,46.75,2.68,0.01,510810.32,46.75,Acheulean,1.43,1.58,23966.33,0.02,1,cobble,Flaked,
DAN5_S,DAN5, 2-3,10,flake,208,93.7,69,34.7,68.3,66.3,57.4,15.4,30.5,33.2,3,19892.21,45.1,2.08,1.51,1.47,1.27,0.34,0.68,0.74,2,Knife,684.79,4.44,2.17,1.73,32.9,2.19,0.02,153975.76,32.9,Acheulean,1.36,2.7,12590.01,0.02,2,flake,Flaked,
DAN5_S,DAN5,2016-6,100,indet,178,100.28,56.54,42.24,52.15,51.5,39.11,32.86,28.9,16.66,20,17151.84,40.1,2.5,1.3,1.28,0.98,0.82,0.72,0.42,2,Handaxe,664.6,1.59,1.78,2.35,33.07,16.49,0.12,127523.93,33.07,Acheulean,1.77,2.37,10855.6,0.18,2,cobble,Flaked,
DAN5_S,DAN5,2006-1,30,flake,246,104.4,67.12,38.66,60.1,63.53,32.12,27.44,37.67,22.73,5,19333.1,43.63,2.39,1.38,1.46,0.74,0.63,0.86,0.52,2,Handaxe,1438.7,2.19,1.69,1.41,56.88,6.52,0.03,164418.96,56.88,Acheulean,1.56,2.7,12236.14,0.04,2,flake,Flaked,
DAN5_S,DAN5,2014-3,5,flake,466,126.94,96.87,44.43,74.13,95.55,70.11,26.69,42.21,41.98,3,34597.78,60.54,2.1,1.22,1.58,1.16,0.44,0.7,0.69,2,Knife,727.92,2.78,2.26,1.67,37.97,1.88,0.01,375123.1,37.97,Acheulean,1.31,2.86,21897.33,0.01,2,flake,Flaked,
DAN5_S,DAN5,2016_30MN,25,flake,272,114.3,69,40,69,65.5,47.8,32.2,39,24,5,24514.5,49.65,2.3,1.39,1.32,0.96,0.65,0.79,0.48,2,Knife,1521.29,2.14,1.68,1.99,47.84,4.82,0.02,223428.5,47.84,Acheulean,1.66,2.86,15515.51,0.03,2,flake,Flaked,
DAN5_MAIN,DAN5,1,25,cobble,286,119.85,78.82,36.94,69.84,75.47,33.21,27.63,31.65,22.76,9,23504.28,45.72,2.62,1.53,1.65,0.73,0.6,0.69,0.5,2,Handaxe,678,2.53,2.38,1.46,25.86,5.09,0.04,200685.74,25.86,Acheulean,1.52,3.24,14876.13,0.06,2,flake,Flaked,
DAN5_MAIN,DAN5,6,70,cobble,382,99.75,79.38,62.73,79.06,56.33,26.68,57.26,57.6,32.3,10,25952.53,53.55,1.86,1.48,1.05,0.5,1.07,1.08,0.6,1,Core,1844.16,1.38,0.98,0.83,48.21,9,0.04,284188.22,48.21,Acheulean,1.26,1.59,16425.65,0.06,1,cobble,Flaked,
DAN5_MAIN,DAN5,8,25,flake,316,109.84,76.22,48.32,73.47,66.26,55.71,42.48,46.27,22.61,5,26846.55,53.91,2.04,1.36,1.23,1.03,0.79,0.86,0.42,1,Core,1695.04,1.73,1.43,2.46,46.56,4.32,0.02,269913.29,46.56,Acheulean,1.44,2.27,16991.49,0.03,2,flake,Flaked,
DAN5_MAIN,DAN5,9,75,cobble,394,106.44,88.91,58.07,81.24,87.12,35.29,56.58,29.12,26.02,10,27893.46,52.77,2.02,1.54,1.65,0.67,1.07,0.55,0.49,2,Pick,1788.68,1.44,2.99,1.36,46.51,8.81,0.04,282818.96,46.51,Acheulean,1.2,1.83,17654.09,0.06,2,cobble,Flaked,
DAN5_MAIN,DAN5,10,25,flake,202,106.23,68.8,32.01,54.7,62.67,44.36,26.84,32.5,17.62,7,19153.8,42.45,2.5,1.29,1.48,1.05,0.63,0.77,0.42,2,Handaxe,726.02,2.04,1.93,2.52,35.44,5.84,0.04,150268.73,35.44,Acheulean,1.54,3.32,12122.66,0.06,2,flake,Flaked,
DAN5_MAIN,DAN5,17,5,flake,274,120.2,83.92,29.49,78.04,72.94,53.49,25.95,29.44,17.43,6,25177.64,46.74,2.57,1.67,1.56,1.14,0.56,0.63,0.37,2,Handaxe,347.15,3.01,2.48,3.07,21.82,2.8,0.02,202487.88,21.82,Acheulean,1.43,4.08,15935.22,0.04,2,flake,Flaked,
DAN5_MAIN,DAN5, 1-1,95,indet,214,107.6,61.68,47.69,58.24,57.63,35.7,37.7,46.11,18.14,16,21029.08,45.55,2.36,1.28,1.27,0.78,0.83,1.01,0.4,2,Handaxe,1148.44,1.54,1.25,1.97,38.38,13.48,0.08,195314.07,38.38,Acheulean,1.74,2.26,13309.54,0.12,2,cobble,Flaked,
DAN5_MAIN,DAN5,2012-1,95,cobble,222,87.72,73.39,54.3,62.81,67.83,38.88,41.85,50.5,30.87,15,20948.26,51.4,1.71,1.22,1.32,0.76,0.81,0.98,0.6,1,Core,1039.13,1.5,1.34,1.26,35.9,10.48,0.07,209992.81,35.9,Acheulean,1.2,1.62,13258.39,0.11,1,cobble,Flaked,
DAN5_MAIN,DAN5,2012-2,15,flake,574,133.55,100.81,57.63,95.54,86.65,63.27,50.86,41.59,20.67,11,38092.53,60.76,2.2,1.57,1.43,1.04,0.84,0.68,0.34,2,Handaxe,923.38,1.88,2.08,3.06,29.1,5.27,0.03,430610.67,29.1,Acheulean,1.32,2.32,24109.19,0.05,2,flake,Flaked,
DAN5_MAIN,DAN5,2012-3,90,cobble,154,74,59.28,48.32,42.6,55.23,32.5,39.48,43.9,30.51,8,14721.61,43.59,1.7,0.98,1.27,0.75,0.91,1.01,0.7,1,Core,1615.85,1.08,1.26,1.07,55.21,10.13,0.05,124493.65,55.21,Acheulean,1.25,1.53,9317.47,0.09,1,cobble,Flaked,
DAN5_MAIN,DAN5,2012-4,15,flake,926,170.39,97.03,46.06,94.02,95.02,64.94,45.76,40.36,29.76,8,48248.6,65.96,2.58,1.43,1.44,0.98,0.69,0.61,0.45,2,Handaxe,1109.7,2.05,2.35,2.18,40.98,4.97,0.02,566221.7,40.98,Acheulean,1.76,3.7,30537.09,0.03,2,flake,Flaked,
DAN5_MAIN,DAN5,50,80,cobble,732,174.08,90.27,58.2,80.53,58.46,34.99,57.57,55.88,27.54,31,42153.06,59.17,2.94,1.36,0.99,0.59,0.97,0.94,0.47,2,Pick,956.62,1.4,1.05,1.27,37.46,19.63,0.07,509347.44,37.46,Acheulean,1.93,2.99,26679.15,0.12,2,cobble,Flaked,
DAN5_MAIN,DAN5,51,60,cobble,1216,165,97.5,76.5,84.6,90.6,69.5,70,75.2,37.2,12,55488.4,77.77,2.12,1.09,1.16,0.89,0.9,0.97,0.48,2,Handaxe,1938.2,1.21,1.2,1.87,58.58,9.04,0.02,834202.31,58.58,Acheulean,1.69,2.16,35119.24,0.03,2,cobble,Flaked,
DAN5_MAIN,DAN5,53,80,cobble,1320,206.06,107,66.6,103.99,91.73,60.88,65.16,59.52,41.22,13,67325.7,78.96,2.61,1.32,1.16,0.77,0.83,0.75,0.52,2,Pick,3471.74,1.6,1.54,1.48,74.55,12.27,0.02,1002672.8,74.55,Acheulean,1.93,3.09,42611.2,0.03,2,cobble,Flaked,
DAN5_MAIN,DAN5,54,5,flake,446,125.7,114.4,37.7,91.5,108.4,89.3,20.8,35.8,37.7,3,37407.11,60.95,2.06,1.5,1.78,1.47,0.34,0.59,0.62,2,Knife,799.67,4.4,3.03,2.37,32.07,1.58,0.01,379573.13,32.07,Acheulean,1.1,3.33,23675.39,0.01,2,flake,Flaked,
DAN5_MAIN,DAN5,55,35,cobble,770,151.97,94.38,49.85,85.27,92.46,54.19,46.47,49,38,9,43040.6,66.28,2.29,1.29,1.4,0.82,0.7,0.74,0.57,2,Handaxe,1791.63,1.83,1.89,1.43,58.16,7.9,0.02,529196.74,58.16,Acheulean,1.61,3.05,27240.88,0.03,2,flake,Flaked,
DAN5_MAIN,DAN5,49,65,indet,344,120.1,73.25,43.22,69.13,69.05,48.36,42.04,36.8,18.07,17,26474.99,49.94,2.4,1.38,1.38,0.97,0.84,0.74,0.36,2,Handaxe,915.67,1.64,1.88,2.68,35.39,12.05,0.06,250525.36,35.39,Acheulean,1.64,2.78,16756.32,0.1,2,flake,Flaked,
DAN5_MAIN,DAN5,35,75,indet,582,144.39,87.51,54.44,79.11,78.89,59.74,42.83,48.2,23.94,15,36845.12,59.57,2.42,1.33,1.32,1,0.72,0.81,0.4,2,Handaxe,1594.86,1.85,1.64,2.5,45.49,11.46,0.04,410777.29,45.49,Acheulean,1.65,2.65,23319.7,0.06,2,cobble,Flaked,
DAN5_A,DAN5, 1-5,75,cobble,608,129.3,92.2,56.2,77,89.2,58,47.1,54.7,35.7,18,36875.84,64.68,2,1.19,1.38,0.9,0.73,0.85,0.55,2,Handaxe,1403.19,1.63,1.63,1.62,43.34,12.06,0.05,451290.39,43.34,Acheulean,1.4,2.3,23339.14,0.08,2,cobble,Flaked,
DAN5_A,DAN5,14,80,cobble,64,47.8,38.2,35.6,35.7,37.7,25.7,26.9,38,32.3,10,8045.87,34.19,1.4,1.04,1.1,0.75,0.79,1.11,0.94,1,Core,569.1,1.33,0.99,0.8,28.87,8.44,0.12,50840.23,28.87,Acheulean,1.25,1.34,5092.32,0.2,1,cobble,Flaked,
DAN5_A,DAN5,13,65,cobble,344,85.6,71,53,66.1,70.3,53.2,53,52,39.6,9,24681.7,58.37,1.47,1.13,1.2,0.91,0.91,0.89,0.68,1,Core,1325.7,1.25,1.35,1.34,42.99,6.63,0.04,261735.23,42.99,Acheulean,1.21,1.62,15621.33,0.06,1,cobble,Flaked,
DAN5_A,DAN5,1,95,cobble,130,64.1,52.6,50.4,38.2,54.5,20,35.3,48.7,41,15,12326.17,40.8,1.57,0.94,1.34,0.49,0.87,1.19,1,1,Core,800.75,1.08,1.12,0.49,34.63,12.73,0.12,102012.67,34.63,Acheulean,1.22,1.27,7801.38,0.19,1,cobble,Flaked,
DAN5_A,DAN5, 1-1,55,cobble,584,156,84.6,62,83,68.7,39.6,59.5,47.3,22,15,39100.1,57.9,2.69,1.43,1.19,0.68,1.03,0.82,0.38,2,Pick,1231.33,1.39,1.45,1.8,43.24,11.2,0.04,466368.13,43.24,Acheulean,1.84,2.52,24746.9,0.06,2,cobble,Flaked,
DAN5_A,DAN5,2015_4,20,cobble,354,90.6,78.6,40,74.6,72.2,62.1,40,39.5,34.5,8,24629.61,55.64,1.63,1.34,1.3,1.12,0.72,0.71,0.62,1,Core,702.68,1.87,1.83,1.8,32.49,4.67,0.03,238536.71,32.49,Acheulean,1.15,2.27,15588.36,0.05,1,flake,Flaked,
DAN5_A,DAN5,2015_5,40,cobble,382,99.1,72.9,55,67.5,70,56.2,56,46.1,31.2,8,27137.24,57.66,1.72,1.17,1.21,0.97,0.97,0.8,0.54,1,Core,1457.79,1.21,1.52,1.8,47.78,6.63,0.03,286492.67,47.78,Acheulean,1.36,1.8,17175.47,0.05,1,cobble,Flaked,
DAN5_A,DAN5,2015_2,20,flake,388,142.5,87.5,36.1,80,87,59.5,25,35.6,24.4,6,33044.3,53.66,2.66,1.49,1.62,1.11,0.47,0.66,0.45,2,Handaxe,990.72,3.2,2.44,2.44,40.33,4.51,0.02,307966.73,40.33,Acheulean,1.63,3.95,20914.11,0.03,2,flake,Flaked,
