Site,Locality,Catalog,FAI,Base,Weight,L,Br,T,Br1,Br2,Br3,T1,T2,T3,ScarCnt,Mean_Scar_Length,GM,GM_L,GM_Br1,GM_Br2,GM_Br3,GM_T1,GM_T2,GM_T3,Mode,Typology,Contexts,Flaked,SABox,FAC1_1,FAC2_1,cSDI
OGS12,OGS12,        13,40,flake,998,183,95,64,85.01,95.68,67.43,62.15,61.79,40.34,13,51.0692307692308,76.6526610577079,2.38739265506032,1.10902868637529,1.24822802861296,.879682441151461,.810800292415294,.806103782274192,.526270053033515,2,Pick,Acheulean,Flaked,70354,.311809023732831,-.885241686862414,.036955965545669
OGS12,OGS12,        15,90,cobble,480,133,84,63,78.99,77.8,48.14,34,63,21.38,14,57.7357142857143,56.3403466804383,2.3606528506893,1.40201480207479,1.38089317130547,.854449836332202,.603475164837866,1.11820398190546,.379479383065693,2,Handaxe,Acheulean,Flaked,49686,.523036231257849,-.594060426690907,.0563539025077487
OGS12,OGS12,        16,60,cobble,586,135,84,42,69.93,83.62,64.42,43.65,41.35,21.59,11,49.9636363636364,57.1110419368297,2.36381609267999,1.22445673600824,1.46416519755482,1.12797801992922,.764300536633198,.724028114313465,.378035477340452,2,Handaxe,Acheulean,Flaked,41076,.758095657854997,.092901610702556,.0535592560132437
OGS12,OGS12,        17,10,flake,618,167.3,107.59,53,91.75,96.79,55.15,43.49,45.29,23.94,4,53.3125,62.8263725086807,2.66289447121723,1.46037398526109,1.54059507393375,.877816079423971,.692225227455095,.720875616266757,.381050171195102,2,Knife,Acheulean,Flaked,65137.954,1.35868847671648,-.580691819805211,.0122816261622218
OGS12,OGS12,        22,80,cobble,1016,159,110,75,89.15,97.95,64.39,53.76,71.97,40.7,11,75.1409090909091,75.57249961004,2.10393993609385,1.17966192014319,1.29610639459366,.852029512484798,.711369880279278,.952330548431914,.538555694333457,2,Pick,Acheulean,Flaked,75330,-.146223254781552,-.329165952493207,.0292048320722156
OGS12,OGS12,        55,25,flake,618,125,123,45,78.93,86.23,77.4,34.12,44.3,26.14,6,34.4466666666667,59.3758678819772,2.10523238579797,1.32932793768827,1.45227350901887,1.3035598932861,.574644232027414,.7460943575268,.440246196518071,2,Knife,Acheulean,Flaked,53070,.494480082622603,1.12584901489546,.0226116449971735
OGS12,OGS12,        57,25,flake,640,145,113,51,81.71,111.07,61.96,36.27,49.55,30.73,4,71.46,64.2160510880054,2.25800243931667,1.27242330563148,1.72962986851657,.964867800965936,.564812058441487,.771613937021661,.478540792828974,2,Handaxe,Acheulean,Flaked,59086,.717505252356788,.564788528253107,.0135395863656365
OGS12,OGS12,        58,25,flake,562,137,82,48,68.84,82.18,48.75,38.24,45.53,30.39,5,57.95,57.1826213078482,2.39583280490845,1.20386226488977,1.43714992633122,.852531746272169,.668734645691236,.796220931441474,.531455174753051,2,Knife,Acheulean,Flaked,43492,.562839613518679,-.469172340505126,.0229927342959625
OGS12,OGS12,        59,5,flake,854,170,116.84,37,106.52,116.84,92.31,33.93,35.97,22.14,8,34.7,65.6884325518024,2.58797467675814,1.62159448569575,1.77869977195542,1.40527024947967,.516529298720022,.54758499484112,.337045643196619,2,Knife,Acheulean,Flaked,60951.76,1.94003247568981,1.28712286432636,.0262502674245994
OGS12,OGS12,        60,40,flake,438,128,78,47,63.17,72.29,42.59,36.9,46.3,27,6,59.4,52.8284978356799,2.42293468949537,1.19575612762049,1.36839022424703,.806193659575061,.698486640956087,.876420907215903,.51108778606543,2,Handaxe,Acheulean,Flaked,39332,.489574544245001,-.810717602740139,.0305095087969084
OGS12,OGS12,61,0,flake,674,136.6,86.5,50.2,86,81,62.5,39,49.7,40.3,0, ,64.5025932873266,2.11774431132584,1.33327972748186,1.25576346425617,.968953290321118,.604626853160378,.770511656463353,.624781081599057,2,Large Flake,Acheulean,Unmodified,46031.04,.0859451356086286,.187134663679909,0
OGS12,OGS12,        62,15,flake,644,153.62,109,58,67,101.9,63.94,26.05,48.35,52.42,3,82.8333333333333,64.0613077758162,2.39801535956144,1.0458731225792,1.59066374911672,.99810637996588,.406641714077435,.754745753383646,.81827864306868,2,Knife,Acheulean,Flaked,63953.08,.625620553755498,.241170981700608,.00938187808937427
OGS12,OGS12,        63,40,flake,750,167,86,47,86,77.38,38.17,33.88,44.81,30.86,4,69.21,57.1343319327247,2.92293607627444,1.50522456622516,1.35435205737794,.668074670846679,.592988468647773,.78429200944825,.54013058271754,2,Handaxe,Acheulean,Flaked,52506,1.50781756245245,-1.61147622254174,.015236353940502
OGS12,OGS12,64,0,flake,310,112.12,83.4,37.94,80,72,50,35.24,35.37,22.2,0, ,50.9682743897259,2.1997998037501,1.5696038556904,1.41264347012136,.9810024098065,.691410498431621,.693961104697118,.435565069954086,2,Large Flake,Acheulean,Unmodified,33537.6736,.58541053335843,.38563615292297,0
OGS12,OGS12,        65,60,flake,750,108,106,38,74.08,105.36,67.8,45.02,37.22,32.9,13,50.8161538461538,61.0220577972322,1.7698518191384,1.21398724779419,1.72658877467057,1.11107364201466,.73776600831121,.609943376928993,.539149304163457,2,Handaxe,Acheulean,Flaked,39160,-.0927388908398014,1.66137113833657,.066394279877426
OGS12,OGS12,        66,85,flake,772,151,74,63,74.37,69.7,40.36,62.42,74.13,40,12,56.9166666666667,66.6573524530792,2.26531649462511,1.11570587884284,1.04564609056537,.605484594192513,.936430831751652,1.11210537580503,.600083839635791,2,Pick,Acheulean,Flaked,50698,-.423739210024181,-1.84471145353702,.0473391455284232
OGS12,OGS12,        70,70,flake,1018,166,100.28,83,100.28,86,64.92,75.76,74,46.11,9,95.3555555555556,81.5687375119562,2.03509340788397,1.2293925719434,1.05432550047001,.79589315686643,.928787208321021,.907210314357914,.565290102635722,2,Pick,Acheulean,Flaked,77495.44,-.516162309464119,-.794009824313227,.0232271731085081
OGS12,OGS12,        74,80,cobble,896,150,90,73,86.88,73.77,44.09,70.15,57.66,35.18,15,55.7466666666667,66.9538547826201,2.24034897597766,1.29761012688626,1.10180362638581,.658513242339034,1.04773653776555,.861190146365813,.525436513165961,2,Pick,Acheulean,Flaked,62040,-.169979568285528,-1.40244052384897,.0483558994197292
OGS12,OGS12,75,0,flake,398,130.9,77.5,37.7,75,76.1,33.1,25.7,34.8,36.6,0, ,50.2542077107186,2.60475701365163,1.49241234548413,1.51430105988456,.658651315140328,.511399963719227,.692479328304635,.728297224596254,2,Large Flake,Acheulean,Unmodified,36002.86,1.04826271456101,-.642198709069706,0
OGS12,OGS12,76,100,cobble,120,60,51.3,43.5,43,50.8,39.6,30,43,35.6,14,33.7785714285714,42.2004324839755,1.42178637678141,1.01894690336001,1.20377913234159,.938379008675729,.710893188390704,1.01894690336001,.843593250223635,1,Core,Acheulean,Flaked,15839.1,-1.61860949314432,.821395144475687,.176777720956367
OGS12,OGS12,78,25,flake,1018,151.9,145.61,58.91,123,110,63.36,53.6,58.7,48.3,5,70.538,79.3393576686665,1.91456049637253,1.55030244275064,1.38644933904528,.798594819290084,.675578950662066,.739859783654165,.608777300689884,2,Knife,Acheulean,Flaked,79288.9462,-.129388172064987,.521395256375836,.0126120985071183
OGS12,OGS12,79,80,cobble,874,145.17,115.53,71.84,100.39,74.15,37.25,55.59,71.75,65.91,9,42.6666666666667,72.5526904831484,2.0008906497233,1.38368404164581,1.02201585504569,.51341996763927,.766201771840725,.988936447734701,.908443223277967,2,Pick,Acheulean,Flaked,71000.3562,-.815764040220598,-1.06891869959166,.0253519854876446
OGS12,OGS12,86,0,flake,342,123.5,90.5,38.5,65.1,89.2,56.8,30.5,37,18.6,0, ,50.6486587530071,2.43836664268365,1.28532525051584,1.76115226337961,1.12145121703993,.602187713375316,.73052279983235,.367235785861668,2,Large Flake,Acheulean,Unmodified,38831.5,1.19584043016125,.556211798901999,0
OGS12,OGS12,       102,65,flake,412,129,81,46,67.55,79.85,51.46,28.58,43.38,36.07,10,39.99,55.3979832141599,2.32860462629671,1.21935846904142,1.44138821247901,.928914682707198,.515903257515968,.783060997587219,.651106735430405,2,Pick,Acheulean,Flaked,40218,.503158031805246,-.00670994470485207,.0497289770749416
OGS12,OGS12,104,50,cobble,892,117.43,107.41,77,103,105,53.17,59,73,52,4,88.62,76.3496777956461,1.53805495177475,1.34905611881801,1.37525138326108,.696401105218967,.772760301070511,.956127152171988,.681076875519772,1,Core,Acheulean,Flaked,59851.6726,-1.13310011348345,.591372776885452,.0133663766649689
OGS12,OGS12,       109,30,flake,250,100,70.2,36,59.58,70.2,55.46,34.51,31.19,19.59,11,19.4545454545455,46.7644719925475,2.13837547478214,1.2740441078752,1.50113958329706,1.18594303831418,.737953376347318,.66695931058455,.418907755509822,2,Knife,Acheulean,Flaked,26294.4,.479086615060698,.781151238222302,.0836680053547523
OGS12,OGS12,       110,40,flake,436,119,93,46,93.24,83.59,52.3,45.31,31.4,18.54,7,53.7442857142857,53.6508929139994,2.21804323351623,1.73790211002565,1.55803557890438,.974820681620997,.84453394042538,.585265189347979,.345567407978074,2,Knife,Acheulean,Flaked,41638,.853030718861469,.57616228517555,.0336231327153081
OGS12,OGS12,       112,20,cobble,1374,132,108,95,103.83,103.5,78.76,88.86,94.53,84.92,4,41.775,96.8095941046557,1.36350122341492,1.07251766687251,1.06910891381397,.813555729970903,.91788423267159,.976452807950095,.8771857870636,1,Core,Acheulean,Flaked,74112,-1.92785253900132,.37138321932021,.0107944732297064
OGS12,OGS12,113,30,flake, ,126,80.62,42,47,78,48.6,41.22,40.37,20.33,4,58.72,49.798328996226,2.53020538117954,.943806769170145,1.56631761692067,.975936361312107,.827738617557305,.810669771731888,.408246630153809,2,Knife,Acheulean,Flaked,37672.32,.785395334508837,-.672231860466831,.0212357508112057
OGS12,OGS12,       114,70,cobble,430,115,78,42,73.87,71.33,61.77,50.99,49.98,32.04,12,41.0333333333333,60.7573054794583,1.89277649975575,1.21582086988659,1.17401519763111,1.01666786426011,.839240641065616,.822617125719935,.527343991758037,1,Core,Acheulean,Flaked,34152,-.466933740904815,.197423133006408,.0702740688685875
OGS12,OGS12,       115,15,flake,782,121,114,50,82.95,99.37,67.2,47.05,44.63,27.15,4,53.125,62.7270216798557,1.9289932274731,1.32239659685036,1.5841657604463,1.07130863542308,.750075465724045,.711495601174583,.43282781922227,2,Knife,Acheulean,Flaked,51088,.119795438689059,1.05207127838632,.0156592546194801
OGS12,OGS12,       125,97,cobble,604,108,82,76,82,60.75,45.58,53.39,76,70.49,10,64.38,68.4127476900608,1.57865315524654,1.19860702527978,.88799239982618,.66625010014942,.780410110727897,1.11090407221053,1.03036352697527,1,Core,Acheulean,Flaked,46592,-1.79187004645637,-.43114227782592,.0429258241758242
OGS12,OGS12,127,5,cobble,1142,115.37,102,86.22,89,101,82,81.9,86,70,1,64.19,88.3224722405655,1.30623608095757,1.00767106878065,1.14353683086344,.928416040899027,.927283826215004,.973704628259955,.792550278816242,1,Core,Acheulean,Flaked,61018.7628,-1.90721622278685,.733876609159078,.00327768035309952
OGS12,OGS12,       134,25,cobble,1078,118,102,73,84.4,104.7,75.6,67.15,73.75,55.49,3,58.9233333333333,80.3715312247925,1.46818155884033,1.05012308106884,1.30270007805578,.940631574985837,.835494844712949,.917613474275205,.690418599152964,1,Core,Acheulean,Flaked,56192,-1.36496814318024,.845441422726608,.0106776765375854
OGS12,OGS12,       135,15,cobble,454,117,67,60,60.54,66.92,55.53,47.83,59.95,49.74,2,65,62.5688504855366,1.86994005950366,.967574112840612,1.06954178446141,.887502320549045,.764437889282565,.958144500574739,.794964261194121,1,Core,Acheulean,Flaked,37758,-.975330101274919,-.320928917496267,.0105937814502887
OGS12,OGS12,       139,15,cobble,430,110,68,50,63.39,67.93,51.87,52.87,68.83,46.61,3,40.3333333333333,63.5092206281453,1.73203196184794,.998122782377643,1.06960846516664,.816731798736841,.83247754384455,1.08377963576358,.733909179470294,1,Core,Acheulean,Flaked,32760,-1.28535070866716,-.368634561688996,.0183150183150183
OGS12,OGS12,       144,35,cobble,502,115,86,63,68.14,83.16,66.21,21.54,56.25,58.66,5,68.848,60.7864671316763,1.89186846063756,1.12097319050298,1.36806766249234,1.08922270242446,.354355188192461,.925370442703153,.965017425226079,1,Core,Acheulean,Flaked,45106,-.446872269148874,.991228913772834,.0221699995566
OGS12,OGS12,       226,95,flake,742,156,106,57,96.86,90.31,50.24,50.41,55,26.4,14,60.0942857142857,65.2172601988754,2.39200480860878,1.48518965231953,1.38475611708627,.770348215285289,.772954887192106,.843335028676172,.404800813764563,2,Handaxe,Acheulean,Flaked,62940,.642252102273156,-.67126492495479,.0444868128376231
OGS12,OGS12,      2012,95,flake,794,174,84,75,67.42,82.58,58.12,34.6,73.57,51.2,10,75.15,68.8558361701656,2.52701890904336,.979147211768409,1.19931736499311,.844082408009195,.50249916237299,1.06846425941563,.743582575534598,2,Pick,Acheulean,Flaked,67932,.291584358410777,-1.25559829480882,.0294412059117941
OGS12,OGS12,      2042,65,cobble,794,158,86,60,64.74,84.12,58.27,39.54,60,25.41,10,65.714,60.6609937488228,2.60463916325252,1.06724265461372,1.38672307856204,.960584329384331,.65181919313294,.989103479716146,.418885323659788,2,Handaxe,Acheulean,Flaked,56456,.823671776878817,-.983908210139999,.0354258183364036
OGS12,OGS12,3050,35,flake,862,154.95,82.7,72.15,74.18,81.73,62.11,66.87,55.56,26.18,10,57.42,66.3739716875274,2.33449944399089,1.11760676834621,1.23135617655615,.935758376678118,1.00747323536412,.837075115250946,.394431722773034,2,Handaxe,Acheulean,Flaked,59921.625,.216935610125508,-.952542463304213,.0333769319506939
OGS12,OGS12,      5004,35,flake,914,160,104.78,66.39,84.34,89.51,47.58,42.58,66,28.34,8,59.4375,64.3660712749922,2.48578166774277,1.31031766160891,1.39063948174785,.739209323445006,.661528646328044,1.02538493794389,.440294077898938,2,Pick,Acheulean,Flaked,68687.0884,.621330363198727,-1.04999928627757,.0232940431348958
OGS12,OGS12,      5005,85,cobble,1048,176,94,67,88.89,73.41,53.62,60.74,60.96,29.96,9,88.0555555555556,68.1555628916226,2.58232772987094,1.3042222267513,1.07709476505583,.786729618611818,.891196513138415,.894424422800754,.43958260674394,2,Pick,Acheulean,Flaked,69268,.554045192833876,-1.70190058403932,.0259860252930646
OGS12,OGS12,      5011,30,cobble,444,121,82,48,73.59,81.28,69.5,43.75,37.69,15.09,6,38.77,53.4822221872473,2.26243403978925,1.37597124783546,1.51975734507496,1.29949723773019,.818028836700658,.704720156691378,.282149831904295,2,Handaxe,Acheulean,Flaked,39332,.837618719178258,.715763905355155,.0305095087969084
OGS12,OGS12,5017,0,flake,666,160,91.42,51.62,73,89,56,40,52,15,0, ,56.404113975051,2.8366725177311,1.29423183621482,1.57789908798793,.992835381205886,.709168129432776,.921918568262608,.265938048537291,2,Large Flake,Acheulean,Unmodified,55211.0008,1.59090007602642,-.960147056284842,0
OGS12,OGS12,      5022,80,flake,474,142,82,51,58.9,81.14,46.54,48.89,49.9,20.92,17,38.7705882352941,55.4506644999989,2.56083495627005,1.06220548538244,1.46328273487149,.839304639893015,.881684655014386,.899899044492081,.377272304825137,2,Handaxe,Acheulean,Flaked,46136,.712950539454195,-1.18684275651225,.0736951621293567
OGS12,OGS12,      5024,40,flake,624,151,80.58,51.1,75.84,80.58,39.6,45.99,51.91,32.13,13,42.4769230769231,60.0111349909574,2.5161997023178,1.26376546638266,1.34275080803158,.659877537826389,.766357776884738,.865006136074945,.535400638645502,2,Handaxe,Acheulean,Flaked,48002.636,.558738716454798,-1.30160223366287,.0541636921772379
OGS12,OGS12,      5025,75,cobble,738,160,83,70,83,57.38,33.82,50.62,70.76,40.86,14,54.6714285714286,62.6107130653397,2.55547321163754,1.32565172853697,.916456580523512,.540163150109884,.808487837331826,1.1301580278467,.652603971421936,2,Pick,Acheulean,Flaked,60580,.0776090285511156,-2.42243774978618,.0462198745460548
OGS12,OGS12,      5026,75,cobble,1206,158,101,74,84.2,101,58.7,64.2,80.6,76.5,6,92.65,84.6798388072357,1.86585144971366,.994333494087914,1.19272782544987,.693199241127798,.758149766276058,.95182042308178,.903402758880349,1,Core,Acheulean,Flaked,70248,-1.03149587128936,-.459347215014174,.017082336863683
OGS12,OGS12,      5030,25,flake,728,156,94,47,75.09,90.69,73.64,34.46,46.54,27.79,8,46.65,61.9117199296456,2.51971678669682,1.2128559840581,1.46482766272779,1.18943553956637,.556598977369054,.751715508031218,.448864932707081,2,Handaxe,Acheulean,Flaked,52828,1.07906058263756,.111069039531075,.0302869690315742
OGS12,OGS12,5031,50,cobble,400,90,70.14,62,53.8,65,59.9,59.69,60.93,50.45,6,50.7366666666667,61.841475306221,1.45533397375057,.869966308753116,1.05107453659763,.968605611418432,.965209832146347,.985261100229133,.815795544174622,1,Core,Acheulean,Flaked,32482.56,-1.8157114952819,.267518226410463,.0369429010521338
OGS12,OGS12,5033,90,cobble,1082,182.88,109.91,72.52,88.94,94.41,45.43,63.21,51,49.51,11,96.7818181818182,73.0819999415148,2.50239457248506,1.21698913646556,1.29183656817757,.621630497747136,.864918858960961,.697846255450229,.677458198183154,2,Pick,Acheulean,Flaked,82666.9432,.418707601453766,-1.38520640904168,.0266128142016506
OGS12,OGS12,      5032,65,cobble,986,166,107,72,88.58,87.24,43.08,57.14,62.35,61.25,9,68.0888888888889,73.9196156961221,2.24568267078678,1.19832874083309,1.18020094096048,.58279523769575,.773001854269619,.843483822431059,.828602792684882,2,Pick,Acheulean,Flaked,74836,-.244853922163144,-1.17213499821462,.0240525950077503
OGS12,OGS12,      5034,5,flake,774,165,109,39,92.67,105.66,92.31,20.87,37.71,28.83,5,50.38,61.6474554573468,2.67650949704099,1.50322506115629,1.71393935428697,1.49738540407184,.338537898201487,.611704079596459,.467659204846616,2,Knife,Acheulean,Flaked,57342,1.98949671978119,1.26700017874685,.017439224303303
OGS12,OGS12,      5035,75,cobble,1080,184,110,66,102.53,94.31,54.75,71.56,91,53.56,16, ,85.7083782002941,2.14681462727023,1.19626578116313,1.10035917118399,.638794026320896,.834924210475312,1.06173984283473,.624909736068442,2,Pick,Acheulean,Flaked,79288,-.466377151610389,-1.28189644588814,.0403591968519827
OGS12,OGS12,2015-13,0,flake,642,125,102.76,63.6,69.6,73.8,48.48,42.45,61.5,44,0, ,62.1347873095299,2.0117554982091,1.12014546140283,1.18774044614266,.780239252425419,.683192167191812,.989783705118879,.708137935369605,2,Large Flake,Acheulean,Unmodified,54661.072,-.550891686180998,-.467864951855369,0
OGS12,OGS12,2015-14,10,flake,526,143.8,103.4,42.4,87.8,103.8,57.9,33.8,39,24,2,62.925,58.6972033668991,2.44986118165031,1.49581232092418,1.76839770970307,.986418375643623,.575836633795413,.664426885148554,.408878083168341,2,Knife,Acheulean,Flaked,50700.4,1.29682315837475,.524660405099164,.00788948410663427
OGS12,OGS12,2015-22,5,flake,822,150.29,95.47,49.61,82,94,74.4,48.7,40,28.1,3,39.69,64.6449026069864,2.3248546124928,1.2684681497399,1.45409763506769,1.1509028090323,.753346327955281,.618764951092633,.434682378142575,2,Knife,Acheulean,Flaked,53080.6798,.749564250236679,.333774362303147,.0113035477740811
OGS5,OGS5,1,10,cobble,896,183,119,44,97.35,119.04,81.72,42.94,38.68,24.13,12,31.6766666666667,68.3172840607471,2.67867791461496,1.42496882506976,1.74245802708068,1.19618338351003,.62853786695938,.566181758127359,.353204907539121,2,Handaxe,Acheulean,Flaked,70130,1.78634281685309,.431811597526631,.034222158847854
OGS5,OGS5,4,35,flake,882,160,93,68.3,72.6,93,57.9,57.9,61,28,8,54.86875,67.1955710997495,2.38110931094678,1.0804283498421,1.38401978698782,.861663931898866,.861663931898866,.90779792479846,.416694129415687,2,Handaxe,Acheulean,Flaked,64319.8,.358195150724706,-.89426111873144,.0248756992403583
OGS5,OGS5,9,0,flake,744,160,109,39,92.3,104.2,83.7,34.7,35.5,38.8,0, ,67.1496089275585,2.38273911874318,1.37454262912497,1.5517588510815,1.24647040149253,.516756546377427,.528670241971143,.577814236295221,2,Large Flake,Acheulean,Unmodified,55862,1.09014065367062,.947301321518702,0
OGS5,OGS5,10,40,flake,704,142,93,57,90.3,89.21,80.28,28.5,53.61,59.77,7,58.5714285714286,70.1817862014086,2.02331698416006,1.28665861739192,1.27112752223182,1.14388653160823,.406088267947617,.763873405076202,.851645465797511,2,Knife,Acheulean,Flaked,53202,-.0445047525236961,.904676719852306,.0263148001954814
OGS5,OGS5,11,0,flake,280,128.6,84.4,45.3,67.5,83.2,62.3,20,23.9,43.6,0, ,51.3210798422032,2.50579294892871,1.31524902062743,1.62116620024003,1.21392613311243,.389703413519239,.465695579155491,.849553441471941,2,Large Flake,Acheulean,Unmodified,41005.48,1.22846012928933,.93165341917695,0
OGS5,OGS5,12,0,flake,466,135.5,103.9,31.8,98.3,91.5,79,31.7,32.2,24.6,0, ,58.7564964089544,2.30612797360991,1.67300649303213,1.55727460948566,1.34453217649581,.539514810062245,.548024507381838,.418677108124013,2,Large Flake,Acheulean,Unmodified,43382.74,1.25358838443416,1.40756904886343,0
OGS5,OGS5,14,0,flake,606,146.8,79.2,51.75,75,78.5,59.62,27.3,49.5,29.15,0, ,57.3070308242982,2.56164030640647,1.30873993855916,1.36981446902526,1.0403610018253,.476381337635535,.863768359449047,.508663589453327,2,Large Flake,Acheulean,Unmodified,46644.12,1.0064641885919,-.321171330230642,0
OGS5,OGS5,18,0,flake,526,136.1,85.8,41.9,86.8,81.2,68.3,35.9,40,32,0, ,60.6269292279482,2.24487701642094,1.43170701708551,1.33933882243483,1.12656208832881,.59214610499274,.659772818933415,.527818255146732,2,Large Flake,Acheulean,Unmodified,41949.98,.610529773984951,.523314078022504,0
OGS5,OGS5,19,30,cobble,644,96,88,66,77.9,83.86,64.4,57.2,61.94,63.16,5,47.5,70.9358109757932,1.35333618773683,1.09817592734061,1.18219554899594,.90786302594012,.806362811859858,.873183786129364,.890382433515186,1,Core,Acheulean,Flaked,41184,-1.70992002921253,.9490976271882,.0242812742812743
OGS5,OGS5,2,65,indet,840,165,73,53,74.6,73,54.4,52.5,52.7,36.16,17, ,64.9775403224366,2.53933896514433,1.14808901090768,1.12346511791234,.837212361841523,.807971488909558,.811049475533976,.55649998169466,2,Pick,Acheulean,Flaked,49318,.463057940353115,-1.38996517609473,.0689403463238574
OGS5,OGS5,21,5,flake,946,168,98.2,53,89.8,97.5,72.2,51,50,23.5,3,63.8,67.4691234300686,2.49002790401051,1.33097920107228,1.4451054800061,1.07011913493785,.75590132800319,.741079733336461,.348307474668137,2,Knife,Acheulean,Flaked,61212.4,1.0012951682664,-.213973488630968,.00980193555554103
OGS5,OGS5,23,0,flake,438,134.6,102,33.5,90,100.3,80,20,30,29.1,0, ,55.8602978379912,2.40958256954472,1.61116219360345,1.79555075576029,1.43214417209196,.358036043022989,.537054064534483,.520942442598449,2,Large Flake,Acheulean,Unmodified,43310.6,1.6274818658797,1.87483506344842,0
OGS5,OGS5,2013-1,55,flake,824,170,106,50,102.75,103.43,84.11,31.12,38.9,20.41,10,54.05,62.5698769023621,2.71696235339057,1.64216401065224,1.6530318600658,1.34425707966871,.49736393198538,.621704914981725,.326195303721774,2,Handaxe,Acheulean,Flaked,63640,2.02663394590252,.729009258148408,.0314267756128221
OGS5,OGS5,2013-2,15,flake,634,161,105,38,91.59,105,72.16,38.53,47.4,39.22,7,36.9714285714286,69.7141074135923,2.30943213609315,1.31379434375635,1.50615139310423,1.03508461453715,.552685839774343,.679919771744195,.562583406071885,2,Knife,Acheulean,Flaked,54026,.710892118847841,.419579780897318,.0259134490800726
OGS5,OGS5,3,50,cobble,1718,237,109,80,95.62,93.59,67.13,81.5,50.7,34.3,16,62.87875,79.5610323496203,2.97884520852539,1.20184463645231,1.17632963318941,.843754763073035,1.02437082065325,.637246633216191,.431115572373084,2,Pick,Acheulean,Flaked,107026,1.34324751546793,-2.16470147347319,.0298992768112421
OGS5,OGS5,29,60,cobble,538,99.48,98.31,53,86.38,80,52.68,50,51,53.24,3,84.2866666666667,65.0271481860847,1.52982258602705,1.32836826478705,1.23025539688544,.810123178849062,.7689096230534,.784287815514468,.818734966627261,1,Core,Acheulean,Flaked,40525.4976,-1.19138753482641,.77364790533075,.0148054937146534
OGS5,OGS5,31,0,flake,466,134,87.67,46.8,82,74.35,75,17.6,30.96,41.11,0, ,54.1915673390324,2.472709437645,1.5131505513947,1.37198467678288,1.38397916286101,.324773776884717,.571306598429024,.758605111802881,2,Large Flake,Acheulean,Unmodified,44243.872,1.21815738129263,1.04740129288692,0
OGS5,OGS5,32,0,flake,330,111.11,92,37.39,83,85.56,62.68,16.65,34.65,37.18,0, ,52.2337400877716,2.12716914035439,1.58901123795711,1.63802170505555,1.19999065536327,.318759483276939,.663364330062818,.711800455749945,2,Large Flake,Acheulean,Unmodified,35632.8058,.757344012921829,1.68469639477096,0
OGS5,OGS5,33,0,flake,428,121.75,95.17,49.17,74.73,92,74,30,46.86,39.3,0, ,61.7467675181445,1.97176313665688,1.21026578400303,1.48995653858261,1.19844330277297,.48585539301607,.758906123891101,.636470564851051,2,Large Flake,Acheulean,Unmodified,44505.8078,.0965599207406441,1.25652789175153,0
OGS5,OGS5,34,40,cobble,308,87.16,75.5,58.52,60.3,74.41,40.29,40.97,53.94,48.04,3,57.8433333333333,55.7450288230982,1.56354749185967,1.08171080494651,1.33482754554013,.722755030369734,.734953427506776,.967619914076531,.861780880093374,1,Core,Acheulean,Flaked,32198.8864,-1.35117330486873,.411085772153228,.0186341848145407
OGS5,OGS5,35,60,cobble,306,93,77.54,49.69,67,76,62,46,48,34,7,40.0314285714286,57.9855986984488,1.6038465082277,1.1554593123791,1.31067026478823,1.06923100548514,.793300423424456,.827791746182041,.586352486878946,1,Core,Acheulean,Flaked,31370.7052,-.88306080468922,1.02588230308896,.0446276228434929
OGS5,OGS5,36,100,indet,860,150,85,70,81.25,85.04,75.06,41,64.56,65.39,13,75.4769230769231,75.0932216071401,1.99751717651354,1.0819884706115,1.13245907127141,.999557595127375,.545988028247034,.859731392771427,.870784321148136,2,Handaxe,Acheulean,Flaked,58400,-.493774609346642,.134779185980744,.0445205479452055
OGS5,OGS5,37,0,flake,1236,160,129,58,100,126.7,87.7,58,53,32,0, ,77.9509537385489,2.05257270535326,1.28285794084579,1.62538101105161,1.12506641412175,.744057605690556,.679914708648266,.410514541070651,2,Large Flake,Acheulean,Unmodified,74804,.392342408605338,.986806497118875,0
OGS5,OGS5,30+25,0,flake,1572,196,120,54.4,113.65,117,91,47,47,22,0, ,73.4434421446036,2.66872023255791,1.54744925729697,1.59306258780243,1.23904867940189,.639948219031744,.639948219031744,.299550230185072,2,Large Flake,Acheulean,Unmodified,81420.8,1.74234439732726,.314616103627896,0
OGS5,OGS5,40,0,flake,904,160,105.6,61.34,72,101.36,65,56.74,59.3,25,0, ,67.4997793260976,2.37037811971244,1.0666701538706,1.50163453883783,.96296611113318,.840595340703025,.878521390618424,.370371581205069,2,Large Flake,Acheulean,Unmodified,66375.808,.515006941105077,-.491347362335464,0
OGS5,OGS5,42,75,cobble,900,168,94,90,92.17,80.67,47.82,74,90,50.44,7,118.442857142857,79.4973824646728,2.11327712676145,1.15940924270002,1.01475039176099,.601529239296028,.930848258216355,1.13211274647935,.634486299249093,2,Pick,Acheulean,Flaked,78744,-.706220649097329,-1.59585834379071,.0177791323783399
OGS5,OGS5,43,5,flake,888,152.3,105.5,49.5,85.8,103.7,75.7,48.6,50.9,28,4,34.9375,68.5392156286824,2.22208554041674,1.25183807858014,1.51300243296924,1.10447718588015,.709083107447494,.742640538458384,.408525247089091,2,Knife,Acheulean,Flaked,57657.5,.554542083286697,.440994146768964,.0138750379395569
OGS5,OGS5,46,100,indet,1514,216,103,100.4,86.09,103,47.49,61.75,96.87,54.4,16,87.613125,84.0363706322709,2.57031566659607,1.02443738767248,1.22565978546016,.565112458364109,.73480089079772,1.15271517881093,.647338760476048,2,Pick,Acheulean,Flaked,108551.2,.182885204201233,-2.11048804973829,.0294791766465963
OGS5,OGS5,47,0,flake,688,156,78.43,49.69,72.81,75.79,53.9,26.29,49,43.5,0, ,59.3704468742777,2.62756991420907,1.22636772726643,1.27656104998657,.907859092153006,.442812904131772,.825326447411823,.732687764539068,2,Large Flake,Acheulean,Unmodified,47767.8134,.847193979751258,-.775935374471768,0
OGS5,OGS5,49,100,indet,400,123,78,66,72.03,68.22,32.09,44.5,60.17,31.22,15, ,55.4967504481221,2.21634598434694,1.29791383132122,1.2292611630256,.578232053964987,.801848750434464,1.08420762502566,.562555460417168,2,Pick,Acheulean,Flaked,45720,-.192557535689273,-1.26925411607778,.0656167979002625
OGS5,OGS5,5,5,flake,892,175,111,48,96.29,68.93,35.36,73.53,71.23,58.87,4, ,74.4379619102877,2.35095098668753,1.29356040290367,.926006008642124,.475026439367264,.987802434577911,.956904221610018,.790859911921687,2,Knife,Acheulean,Flaked,66306,-.375495637507755,-2.19069917190791,.0120652731276204
OGS5,OGS5,50,10,flake,786,154.81,112.97,54.67,101.64,112,59.68,58.4,55,31.57,6,59.5416666666667,72.6335434396057,2.13138438067149,1.3993534555355,1.541987278827,.821658935717814,.804036223959791,.757225895852543,.434647664219359,2,Knife,Acheulean,Flaked,64256.8366,.304701287503296,.115287889279494,.0186750556593693
OGS5,OGS5,51,25,flake,2172,255,129.87,88.33,105.8,111.86,78,70,88,40,3,115.176666666667,92.5135057173397,2.75635430765225,1.14361680686121,1.20912075629012,.843120141164217,.756646280531989,.951212466954501,.432369303161137,2,Knife,Acheulean,Flaked,134224.8342,.907898488766199,-1.74996647326624,.00447011168667921
OGS5,OGS5,52,5,flake,646,109,138,49,92.16,102.01,71.3,28.5,49.6,36.79,4,22.0125,62.6770032691944,1.73907484906148,1.47039576228904,1.62755069130974,1.13757831869801,.454712231176625,.791358830398618,.586977648596072,2,Knife,Acheulean,Flaked,54290,-.0557230875428659,1.9286084848747,.014735678762203
OGS5,OGS5,55,0,flake,726,145.8,95.9,60.4,80.6,90.5,73.3,60,54.8,40,0, ,72.2255717612562,2.01867560816197,1.11594824429256,1.25301881027886,1.0148760087673,.830730702947313,.758734042025213,.553820468631542,2,Large Flake,Acheulean,Unmodified,57161.8,-.235156904550402,.0775704128960981,0
OGS5,OGS5,56,0,flake,288,114.6,89.2,32.4,69.4,85.2,67.9,31.7,26.8,16.3,0, ,48.5645425783127,2.35974630699346,1.4290261230833,1.75436636436163,1.39813939131637,.652739598007789,.551842940902484,.335635818533974,2,Large Flake,Acheulean,Unmodified,33650.88,1.36547117545442,1.39283373392031,0
OGS5,OGS5,57,30,flake,498,127,92,45,83.13,85.38,60.56,44.62,40.85,25.9,11,38.7363636363636,59.2949687054556,2.14183433725828,1.40197392485261,1.43991980878041,1.02133454696348,.75250904038161,.688928603755912,.436799286102279,2,Handaxe,Acheulean,Flaked,43078,.40666577389595,.437849087405301,.0510701518176331
OGS5,OGS5,54,0,flake,398,110.3,85.7,54.5,63.8,77.3,58.5,31,52.2,53.1,0, ,59.799016104743,1.844511953287,1.06690718603545,1.2926634087859,.978276965251943,.518403178167696,.872924061301734,.887974476151763,2,Large Flake,Acheulean,Unmodified,40269.42,-.663010107788252,.608613394303181,0
OGS5,OGS5,58,50,cobble,332,84.58,69.18,61.03,59.47,69,58.3,55.12,60.24,43.42,6,38.4833333333333,60.3544932726879,1.40138696248942,.985345030258283,1.14324545296488,.965959563881922,.913270860397454,.998102986762384,.719416196633843,1,Core,Acheulean,Flaked,30470.4344,-1.70651926476916,.598825277229122,.0393824382103328
OGS5,OGS5,59,10,flake,420,110,94,37,78.04,109.22,66.79,36.54,38.46,19.76,4,34,56.054775533809,1.96236625608561,1.39220966022655,1.94845129536064,1.19151311130871,.651862390885165,.686114601900478,.352512338365924,2,Knife,Acheulean,Flaked,35776,.630914176083094,1.87533391562523,.0223613595706619
OGS5,OGS5,6,75,cobble,1866,212,121,82,140.56,123.99,87.29,89.8,80.9,43.6,9,106.155555555556,100.305067132713,2.11355224676241,1.40132501794776,1.23612897677392,.870245168018353,.895268829053135,.806539513033392,.434673952636043,2,Pick,Acheulean,Flaked,105916,.0197481356803502,-.326498396111579,.0169945994939386
OGS5,OGS5,60+68,20,flake,1340,190,118.8,59.8,99.84,105,84,59,47,32,9,56.8555555555556,76.1484282672722,2.49512700817832,1.31112358156065,1.37888597820381,1.10310878256304,.774802597276424,.617215628338847,.420231917166874,2,Handaxe,Acheulean,Flaked,82076.48,.984330177568025,-.167195930412502,.0219307650620494
OGS5,OGS5,61,5,flake,446,138,90.75,50,78,82.71,62.47,18.7,44.8,31.2,2,39,54.6382493492952,2.52570317759971,1.42757136125201,1.5137747088353,1.14333824278735,.342251082761699,.819938422872948,.571028544500803,2,Knife,Acheulean,Flaked,47922,1.20974143704899,.392493584625339,.008346897041025
OGS5,OGS5,62,5,flake,1080,179.22,108.35,60.93,87.46,109.72,79.81,62.61,55.65,34.16,6,37.6666666666667,77.1960560694521,2.32162119576107,1.13295943411039,1.42131613435389,1.03386110720729,.811051797046092,.720891750608769,.442509653203873,2,Handaxe,Acheulean,Flaked,73880.2542,.503746218139576,-.158265724393078,.0162424996095912
OGS5,OGS5,63,5,flake,848,164,108,45.66,92.5,107.6,67,46,44,26,3,40.8666666666667,66.5066719401206,2.46591800816101,1.39083790094447,1.61788279072027,1.00741772284627,.691659929118332,.661587758287101,.390938220806014,2,Knife,Acheulean,Flaked,60263.04,1.13062514412229,.137751943212255,.0099563513556568
OGS5,OGS5,64,10,flake,1100,151,133,59,110.93,111.09,89.13,59.21,55.5,36.52,7,33.1428571428571,79.4052271370378,1.90163803372042,1.39701130516958,1.39902628586756,1.12247018506954,.745668794546928,.698946429612472,.459919344314369,2,Knife,Acheulean,Flaked,73678,.00453696080796639,1.00589243163646,.0190016015635604
OGS5,OGS5,65,0,flake,550,127,91,54.2,73.5,91,61.2,28.7,53.7,37.2,0, ,60.5397228062836,2.09779619253259,1.21407889882791,1.50314530331075,1.01090651167712,.474068903351852,.887020909755905,.61447258552923,2,Large Flake,Acheulean,Unmodified,46745.2,.178947733353864,.596181301500139,0
OGS5,OGS5,66,10,flake,642,120,101,49,79.89,102.71,79.18,33.91,49.44,32,4,44,63.542668067291,1.88849482796223,1.25726543171586,1.61639419816667,1.24609183731708,.533657163468327,.77805986912044,.503598620789929,2,Knife,Acheulean,Flaked,45898,.140154447756101,1.62196925961791,.0174299533748747
OGS5,OGS5,67,0,flake,1110,187,114,58.5,95.4,113.8,78.7,57.9,50.85,32.6,0, ,76.5016117850223,2.44439294332112,1.2470325496943,1.48755035802109,1.02873649539771,.756846799028303,.664691877903095,.426134812578975,2,Large Flake,Acheulean,Unmodified,77853,.881708982178637,-.123172712242639,0
OGS5,OGS5,69,0,flake,804,135,131.5,56.14,115,125,79.4,54.9,50.94,31.5,0, ,75.1796961585307,1.79569760052404,1.52966832637233,1.66268296344819,1.05613621838229,.730250357546444,.677576561264405,.418996106788943,2,Large Flake,Acheulean,Unmodified,65427.62,.0953134988226391,1.56066925697346,0
OGS5,OGS5,7,75,cobble,1316,184,108,85,84.59,84.52,73.12,83.99,80.1,51.97,9,95.1555555555556,85.5839231276127,2.14993649830285,.988386567344772,.987568656720418,.854366069325568,.981375904850307,.935923443011186,.607240216395648,2,Pick,Acheulean,Flaked,89384,-.54037099460632,-1.22360090899955,.0201378322742325
OGS5,OGS5,71,0,flake,270,110.5,101.3,28.2,74,98,61,27.2,29.4,25.3,0, ,51.7128049411874,2.13680151609782,1.43098020082569,1.89508188757996,1.17959178716712,.525981911654847,.568524566273989,.489240528120134,2,Large Flake,Acheulean,Unmodified,34332.82,.941757042712966,1.73549460271618,0
OGS5,OGS5,72,30,flake,808,157,84,54,88.9,85.5,56.52,43.23,50,47.99,7,53.3,68.3883678025854,2.29571204935329,1.29992866998412,1.25021261286437,.826456337767184,.632125043907915,.731118487055188,.701727523875569,2,Pick,Acheulean,Flaked,52404,.258059873946038,-.41649048630014,.026715517899397
OGS5,OGS5,76,75,flake,492,134,81.86,54.29,64.81,81.86,56.59,38.75,54,32.45,12,47.7583333333333,59.7907581409241,2.24114903651444,1.08394678400374,1.36910791141099,.946467343107106,.648093471380109,.9031496117297,.542726016678311,2,Pick,Acheulean,Flaked,45376.5588,.178309870233769,-.25783020344539,.0528907449896796
OGS5,OGS5,75,0,flake,396,130.3,99.4,34.4,88.8,92,44,31,27.2,22.6,0, ,50.9605194329347,2.55688131616237,1.74252540963329,1.80531911808855,.863413491259741,.608314050660272,.533746521869658,.44348056596523,2,Large Flake,Acheulean,Unmodified,41707,1.61833428042879,.397798600101073,0
OGS5,OGS5,77,80,cobble,1120,142.65,95.76,77.6,92.71,65.16,30.24,70.7,73,55.97,10,74.169,69.1071027183143,2.0641872454334,1.34154083087368,.942884268576517,.437581649505124,1.02304968981522,1.05633136289266,.80990227919318,2,Pick,Acheulean,Flaked,64321.56,-.916109449036605,-1.80362865136432,.0310937732231619
OGS5,OGS5,78,40,flake,418,123.7,105.4,46,102.6,95.3,62.5,35.3,44.4,30,5,58.4,62.0821840434361,1.99252010711242,1.65264804357101,1.53506197419413,1.00673004603497,.568601130000552,.715181024703244,.483230422096787,2,Handaxe,Acheulean,Flaked,47153.16,.396630719063509,1.15124519998961,.0212074864123635
OGS5,OGS5,8,100,indet,1170,179,92,90,46.8,84,44.92,50.26,96.4,50.67,18,70.3177777777778,69.4080371648847,2.5789520538489,.674273497877812,1.21023448337043,.647187297535712,.724123632549975,1.3888881452013,.730030729433092,2,Pick,Acheulean,Flaked,81716,-.140565918278188,-2.42120431402286,.0440550198247589
OGS5,OGS5,80,0,flake,276,114.5,91.7,31.9,67.6,89.9,60.1,19.3,25.2,31.9,0, ,48.6909042367765,2.35156856901247,1.38834965297156,1.84634073671809,1.23431677727205,.396377933466732,.517550462350344,.655153164641903,2,Large Flake,Acheulean,Unmodified,34154.86,1.25928531761407,1.54079137413225,0
OGS5,OGS5,81,10,flake,1250,172.85,115.75,70,108.08,122.16,83.49,66.5,40,25.6,8,42,74.696451764116,2.31403227218668,1.44692281155879,1.63541904755756,1.11772377439899,.890269864624901,.535500670451068,.342720429088684,2,Handaxe,Acheulean,Flaked,80418.775,.980772076735993,.578532506827021,.0198958514351904
OGS5,OGS5,2015-1,0,flake,630,154.83,95.89,61.47,71,95.88,58.37,25,44,50,0, ,61.6472077021766,2.5115492780792,1.15171477584204,1.55530158743288,.946839316421125,.405533371775366,.713738734324644,.811066743550732,2,Large Flake,Acheulean,Unmodified,60516.8142,.853542633432067,-.00533897251156586,0
OGS5,OGS5,2015-2,20,flake,976,165.36,110,59.62,91.95,102.1,75.81,60.75,55.83,26.24,10,45.827,72.4462691892789,2.2825191945767,1.26921649698432,1.40932032998477,1.04643069751367,.838552498007588,.770640098168949,.362199465806076,2,Handaxe,Acheulean,Flaked,69213.1264,.520938000932062,-.0757055251847866,.0288962528356471
OGS5,OGS5,2015-3,40,flake,786,115.68,104,60.7,94.85,101,66,53.6,59,36.5,9,50.9088888888889,70.2487588814636,1.64671948432849,1.35020179018462,1.4377478208608,.939518377988244,.763002803941968,.839872489413734,.519582133281378,2,Knife,Acheulean,Flaked,50730.592,-.629196076973276,1.02483818301039,.0354815492789834
OGS5,OGS5,2015-4,50,flake,512,135.66,77.93,47.85,71.99,77.32,41.4,51.69,52.4,21.09,9,45.3777777777778,56.2680040748324,2.41096165095143,1.2794127174701,1.3741379540879,.735764502059482,.918639302209049,.931257485698475,.374813365904215,2,Pick,Acheulean,Flaked,41584.5306,.440326865576105,-1.15249734359741,.0432853268758551
BSN17,BSN17,17B-2012-2,80,cobble,58,47,43,35,36.98,38.47,32.64,28.29,30.15,26.5,12,26.1833333333333,33.6966073245927,1.39479917213203,1.09743985926473,1.14165796067913,.968643510178499,.83955039531096,.894748830633632,.786429320457421,1,Core,Acheulean,Flaked,10342,-1.60545739120878,.863637913200785,.23206343067105
BSN17,BSN17,17C-2013-1,30,cobble,480,128,87,46,82.6,54.82,27.39,45,46,25.96,8,30.625,50.6323420158338,2.52802842815313,1.63136834504256,1.08270717524496,.540958583180579,.888759994272584,.90851021636753,.512715765584806,2,Pick,Acheulean,Flaked,42052,.484683658057527,-1.83980615616083,.0380481308855702
BSN17,BSN17,17c-2013-3,60,cobble,170,85,48.98,42.66,42.46,48.98,35.41,42.66,38.06,26.56,6,39.8666666666667,42.9573352034491,1.97870746864147,.988422577864906,1.1402010801654,.824306252524642,.993078360144062,.885995367723465,.618287886671971,1,Core,Acheulean,Flaked,19757.7736,-.721343898011258,-.716618632614575,.0607355881433928
BSN17,BSN17,17C-2013-6,0,flake,366,107.2,81,45.7,84,62.8,47.6,40,37.5,28.2,0, ,52.7642959866631,2.03167687534571,1.59198561127836,1.19019876652715,.902125179724403,.758088386323028,.710707862177839,.534452312357734,2,Large Flake,Acheulean,Unmodified,34567.88,.0267016735206473,.182048424180488,0
BSN17,BSN17,17C-2015-1,0,flake,298,109,88.8,35.6,78.6,87.1,68.2,20.5,31.2,35,0, ,52.7685838297467,2.06562299173461,1.48952263440679,1.65060332642279,1.2924356700578,.388488727803298,.591260893046971,.663273437712949,2,Large Flake,Acheulean,Unmodified,33441.76,.686717371170839,1.91021634518017,0
BSN17,BSN17,17C-2015-2,20,flake,304,92.8,73.8,44.4,72.3,63.1,49.3,39.6,42.5,25.2,7,36.7285714285714,50.9003806124667,1.82316907817525,1.42042159862145,1.23967638828511,.968558572780599,.777990253186851,.834964286879827,.49508470657345,2,Knife,Acheulean,Flaked,28491.36,-.40660438404985,.50939484686632,.0491377035002892
BSN17,BSN17,17C-2015-3,25,flake,754,135.5,94,57.3,83,92.2,69.3,42.6,59,31.2,5,48.3,66.3066094594045,2.04353685258116,1.25176058128588,1.39050994692239,1.04514467810978,.642469888708174,.889805714408035,.470541326941198,2,Pick,Acheulean,Flaked,51774.7,.0550119699334912,.434557041461858,.0193144528118946
BSN17,BSN17,17C-201,0,flake,278,125,75.1,34.5,75.3,68.7,62.2,22,28.3,33,0, ,50.4026760591451,2.4800270496217,1.49396829469211,1.36302286647209,1.23406145989176,.436484760733419,.561478124034353,.654727141100129,2,Large Flake,Acheulean,Unmodified,32581.9,1.15700538088801,.620808372435666,0
BSN17,BSN17,17C-212,35,cobble,312,73.5,66.1,51.7,65.5,55.6,53.2,47,50.5,47.3,4,50.425,55.3853701880189,1.32706524756423,1.18262277163887,1.00387520768124,.960542464903635,.848599546061482,.911793129278826,.854016138908683,1,Core,Acheulean,Flaked,24151.34,-1.82316016223247,.81718846821516,.0331244560343236
BSN17,BSN17,17c-231,50,cobble,480,101,90,63,68.15,75.23,41.79,50.37,58.29,46.03,9,57.7,60.3761447626905,1.67284612816837,1.12875706568985,1.24602192299115,.692160789070854,.834269895800405,.965447532781529,.762387200788021,1,Core,Acheulean,Flaked,42246,-1.20232378478143,-.0503802127732179,.0426075841499787
BSN17,BSN17,17C-235,40,cobble,198,67.8,53.6,49.7,48.4,52.9,40.3,39,47.3,45.6,4,39.925,48.0163872420109,1.41201793584087,1.00798920493655,1.10170720952776,.839296796672374,.812222706457136,.985080359369808,.949675779857574,1,Core,Acheulean,Flaked,19335.32,-1.84790493877124,.442802164820457,.0413750587008645
BSN17,BSN17,17c-28,60,cobble,494,90,78,78,63.61,78,62.15,53.2,70.67,59.61,11,56.9181818181818,67.248306979272,1.33832365516266,.945897418943298,1.15988050114097,.924186835203993,.791097982829484,1.05088147455939,.886416367602735,1,Core,Acheulean,Flaked,40248,-1.91459080897528,.731189912219814,.0546611011727291
BSN17,BSN17,17C-29,70,cobble,520,113,80.49,62,72.5,74.78,56.62,52.13,63.6,47.55,12, ,66.0230077788869,1.71152457001717,1.09810204713491,1.13263546323791,.857579833224535,.789573237477835,.963300554452144,.720203480569174,2,Pick,Acheulean,Flaked,42183.5,-1.10878907406152,.0497486461263721,.0568942833098249
BSN17,BSN17,17C-36,65,cobble,228,103,58,47,57.64,51.18,30.81,39.2,43.6,24.55,15,32.1333333333333,45.3222052016724,2.27261669068563,1.27178277719534,1.12924778863389,.679799225631305,.864918196843465,.962000851591201,.541677085012935,2,Pick,Acheulean,Flaked,27082,-.0840279881047292,-1.2985390683836,.11077468429215
BSN17,BSN17,2012-1,80,cobble,554,128,80,78,79.98,64.16,35.89,77.58,63.49,41.43,16,44.78125,64.8250328511555,1.97454585628827,1.23378263739012,.989741110464494,.553644146735828,1.19675990258472,.979405596997986,.639104959578304,2,Pick,Acheulean,Flaked,52928,-.975615116068995,-1.55666294062295,.060459492140266
BSN17,BSN17,2014-12,65,cobble,580,101,88,73.6,84.43,83.33,50.43,72.64,73.6,44.82,11,37.2272727272727,70.4191167608553,1.43426962231006,1.19896420011523,1.18334344185245,.716140762901944,1.03153807291686,1.04517073467347,.636474895761752,1,Core,Acheulean,Flaked,45596.8,-1.65169848706465,.0980234035341933,.0482489999298196
BSN17,BSN17,21,30,cobble,682,159,79,78.67,55.7,73.31,43.92,74.64,43.46,22.3,7,46.2571428571429,57.4389243085767,2.76815768947571,.969725681155957,1.27631220261298,.764638274979706,1.29946723234256,.756629768456695,.388238468398166,2,Pick,Acheulean,Flaked,62568.92,.730074407813773,-2.33512851393133,.0223753262802043
BSN17,BSN17,24,60,cobble,854,181,79.5,64,77,61.87,29.37,63,61,35.88,13,50.2615384615385,61.9252866957244,2.92287706134265,1.2434338879745,.999107203233534,.474281211555987,1.01735499925186,.985058015148627,.579407894812012,2,Pick,Acheulean,Flaked,62123,.702990865620702,-3.25388671718166,.0418524540025433
BSN17,BSN17,25,25,cobble,866,131,93,68,81.11,92.97,76.94,53.86,65.16,45.13,6,52.4666666666667,73.901030683651,1.77264104151366,1.09754896852804,1.25803387503454,1.04112215064169,.728812568671189,.881719773015497,.610681604606958,1,Core,Acheulean,Flaked,54830,-.696874580780768,.574659030202504,.0218858289257706
BSN17,BSN17,26,0,flake,402,121.8,96.7,40.5,86.5,98,59.2,30,39.7,38.7,0, ,60.0547966379854,2.02814773870968,1.44035122658775,1.63184300815722,.985766388601094,.499543778007311,.661062932896342,.644411473629431,2,Large Flake,Acheulean,Unmodified,41254.62,.359439257166311,1.1828317645967,0
BSN17,BSN17,32,66,cobble,1000,156,88,80,62.49,88,50.38,46.55,78.04,39.53,6, ,67.2277430116606,2.32047058270187,.929526966109232,1.3089834056267,.749392999721285,.692422471953668,1.16083028380804,.588001295732084,2,Pick,Acheulean,Flaked,66496,-.0954618093662455,-1.22514410544584,.018046198267565
BSN17,BSN17,34,35,cobble,688,141,81,56,75.5,61.62,40.75,54.17,56,30.08,10,40.68,58.8309313437622,2.39669841662213,1.28333851386504,1.0474082016472,.692662840264906,.920774136371778,.951880222204533,.51129566221272,2,Pick,Acheulean,Flaked,47706,.0788789759254945,-1.66278511676269,.0419234477843458
BSN17,BSN17,17C-35,40,cobble,498,117,84,55,85.11,76.64,34.13,53.24,53.07,34.42,9,46.3888888888889,59.1494745563825,1.97803954942107,1.43889697479681,1.29570043647548,.577012733519155,.900092526591263,.897218452032276,.58191556659037,2,Handaxe,Acheulean,Flaked,41766,-.422424155341615,-.580925854425927,.043097256141359
BSN17,BSN17,37,0,flake,410,130,76.5,36,71.5,75.5,59.3,37,34,27,0, ,54.4197436994542,2.3888388875544,1.31386138815492,1.3873641231566,1.08967804639982,.679900298765484,.624773247514228,.496143461261299,2,Large Flake,Acheulean,Unmodified,34758,.800080311386471,.118605528980362,0
BSN17,BSN17,38,10,cobble,316,91,79,50,71.39,70.81,46.22,48.52,37.67,20.95,5, ,50.2954973523621,1.80930709090058,1.41941135405926,1.4078795066667,.918968942213459,.964698681873583,.748973605650822,.416538280817221,1,Core,Acheulean,Flaked,31378,-.32750015697888,.549991247385585,.0318694626808592
BSN17,BSN17,510,50,cobble,246,104,54,53,57.72,49.76,42.82,31.52,35.68,44.31,7, ,48.5671686461478,2.1413642775375,1.18845717403331,1.02456044663717,.881665561193804,.648998096422903,.734652667524402,.912344722477754,2,Pick,Acheulean,Flaked,27980,-.32635350457483,-.417945874983226,.050035739814153
OGS7,OGS7,523,60,cobble,81.6,63,40,36,35.1,37.2,32,35.7,27.2,23.7,4,49.275,34.7002251665575,1.81555017864024,1.01152081381385,1.07203915310186,.922184217722026,1.02881176789614,.783856585063722,.682992686250375,1,Oldowan,Oldowan,Flaked,12456,-.981592342729012,-.255561185626932,.0642260757867694
OGS7,OGS7,355,55,cobble,42,45,33,29,32,28.8,24.4,23.2,28.7,23.5,6,25.4333333333333,28.6472686902547,1.57083038130292,1.11703493781541,1.00533144403387,.85173914008425,.809850329916172,1.0018407098532,.820322532458191,1,Oldowan,Oldowan,Flaked,7494,-1.51346463265298,.0855286133507641,.160128102481986
OGS7,OGS7,334,50,cobble,70,64,40,28,41,38.5,36.7,19.6,25.1,22,6,36.0666666666667,32.7173097320174,1.95615105655735,1.25315927060705,1.17674711996028,1.12173037149461,.599071261070689,.767177992493586,.67242692569159,1,Oldowan,Oldowan,Flaked,10944,-.235819527402102,.616422185948611,.109649122807018
OGS7,OGS7,437,45,flake,54,67,40,22,33.6,38.6,20,10.2,20.8,19.5,5,25.58,25.5919992337813,2.61800570514086,1.31291032377213,1.50828388385727,.781494240340556,.398562062573683,.812754009954178,.761956884332042,1,Oldowan,Oldowan,Flaked,10068,.989986045270593,-.553511053086535,.0993245927691696
OGS7,OGS7,486,70,indet,72.4,70,43,36,34.9,40.8,24.9,19.4,29.2,22.7,8,36.0625,31.6643434836526,2.21068850002019,1.10218612358149,1.28851558286891,.786373480721468,.612676527148453,.922172917151279,.716894699292262,1,Oldowan,Oldowan,Flaked,14156,-.0914830634171604,-.558638423098581,.113026278609777
OGS7,OGS7,335,75,cobble,142,67,60,38.6,50,56.9,26.2,31,39.5,23.5,6,52.8333333333333,39.2578427352974,1.70666535223952,1.27363085988024,1.44939191854371,.667382570577245,.789651133125748,1.00616837930539,.598606504143712,1,Oldowan,Oldowan,Flaked,17844.4,-.840895203854735,.211165789726155,.0672479881643541
OGS7,OGS7,485,70,cobble,84.2,62,51,41,47.3,36.4,21.4,30.6,34.6,24.7,8,39.575,34.6310824664633,1.79029922209451,1.36582505169468,1.0510788981329,.617941989561653,.883599293485354,.999102469104355,.713232109447328,1,Oldowan,Oldowan,Flaked,15590,-1.05333231229817,-.609392886677315,.102629890955741
OGS7,OGS7,2006,35,flake,25.1,42,34,16,29.8,31.3,27.1,13.9,15.2,13.1,5,10.16,22.5209642386418,1.86492903034479,1.32321155010178,1.38981615832838,1.2033232552939,.617202702899824,.674926696696211,.581680245178971,1,Oldowan,Oldowan,Flaked,5288,-.06780038096031,1.32980441589061,.18910741301059
OGS7,OGS7,2016,75,flake,154.4,73,49,46,41.3,41.6,28.3,41,25,14.2,10,12.1,33.919709707804,2.15214106,1.217581175,1.22642559,.834323178,1.20873676,.73703461,.418635658,1,Oldowan,Oldowan,Flaked,18378,-.134298558260917,-.86420269188883,.108825769942322
OGS7,OGS7,2066,95,cobble,34.2,44,33,27,29.8,28.3,19.4,25.2,25.4,19.6,8,34.3875,26.4392805699925,1.66419051696657,1.12711085012736,1.0703770825035,.733756727935261,.953127296080855,.960691798430703,.741321230285109,1,Oldowan,Oldowan,Flaked,7062,-1.35750858279357,-.32596822729273,.226564712546021
OGS7,OGS7,2081,60,indet,49.6,47,38,25,37.5,34.2,23.8,25.4,23.3,18,7,27.9142857142857,28.5026279880948,1.64897075524514,1.3156681557807,1.199889358072,.835010722868817,.89114589751546,.817468480791741,.631520714774736,1,Oldowan,Oldowan,Flaked,7822,-.970301657636559,.373939280565934,.178982357453337
OGS7,OGS7,2092,50,cobble,35.9,41,33.1,26,24.3,31.3,21.3,22,24.7,22,6,31,25.9576395823615,1.57949646653773,.936140588704071,1.20581071713734,.820567676518384,.847534689361711,.95155031032883,.847534689361711,1,Oldowan,Oldowan,Flaked,6567.4,-1.48203900374838,.18353643363819,.182720711392636
OGS7,OGS7,2222,50,cobble,38,48.8,40.5,20.4,34.7,40.4,25.7,17.2,19.7,14,5,24.88,26.1404076694976,1.8668415816997,1.32744678042991,1.54549999796451,.983152226427918,.657985147648256,.753622523759922,.535569306225325,1,Oldowan,Oldowan,Flaked,7596.24,-.0930595558104267,1.02417793554612,.131644076543132
EG10,EG10,1320,35,cobble,342,81.2,66.8,59.6,62.8,65.6,50.9,57.4,59.6,52.4,10,19.66,60.7460586099544,1.3367122387541,1.03381192849455,1.07990545396883,.837914445228864,.944917272222727,.981133613666804,.862607405304371,1,Oldowan,Oldowan,Flaked,28489.92,-1.98140635919291,.421345016260097,.070200267322618
EG10,EG10,83,30,cobble,192,68.8,53.1,47.7,44.3,52.2,36.3,44.6,47.5,43.8,12,20.8166666666667,47.3785424409154,1.4521341614888,.935022432470257,1.10176458182726,.766169622994816,.941354412825586,1.00256355626043,.924469131878042,1,Oldowan,Oldowan,Flaked,18935.82,-1.90824972717355,.0340057814673875,.126743917084129
EG10,EG10,4202,45,cobble,182,66,60.5,41,60,56.3,38.8,32,39.3,37.2,11,27.3727272727273,45.5155830851946,1.45005282864252,1.31822984422047,1.23693900382688,.852455299262572,.703055916917585,.863440547964409,.817302503416692,1,Oldowan,Oldowan,Flaked,18359,-1.3186134174624,.997689314219251,.11983223487118
EG10,EG10,1334,35,flake,210,85.1,50.6,44.4,49.1,47.9,34.6,42.8,44.1,35.6,9,31.4777777777778,46.4325083857326,1.83276766555539,1.0574487941101,1.03160483172859,.745167582000192,.921767991607174,.949765617520476,.766704217318117,1,Oldowan,Oldowan,Flaked,20662.28,-1.13016652528542,-.668684823785386,.0871152651111107
EG10,EG10,184,30,cobble,199.1,71,61.4,46,47.6,58.6,43.5,37.2,46,38.9,9,22.2111111111111,47.8394390031024,1.48413111607341,.99499494542386,1.22493075213946,.90929159928441,.777601091801841,.961549737174319,.813136625566978,1,Oldowan,Oldowan,Flaked,20899.6,-1.50772507047309,.647252022232452,.0861260502593351
EG10,EG10,4182,30,cobble,146.5,84.9,49.3,38.2,36,46.9,34.2,34.5,38.1,32,9,23.9333333333333,41.3360550558668,2.05389701279562,.870910394118284,1.13460270789299,.82736487441237,.834622461030022,.921713500441851,.774142572549586,1,Oldowan,Oldowan,Flaked,18624.02,-.70367056677189,-.784240139023985,.0966493807459399
EG10,EG10,344,65,cobble,195.2,82.1,58.6,37.1,55.4,58.1,54.7,38,38.5,36.5,11,27.6636363636364,49.913949896333,1.64483075714334,1.10991015768259,1.16400325201008,1.09588602211621,.761310216460984,.77132745615126,.731258497390155,1,Oldowan,Oldowan,Flaked,20062.06,-.969121598816373,.864844642461331,.109659725870623
EG10,EG10,1302,35,cobble,518,103.9,71.6,60.1,64.2,70.3,53.8,55.1,60,40,10,33.41,61.5227669760637,1.68880570733146,1.04351613484774,1.14266642180367,.874473022660565,.895603411683962,.975248724156764,.650165816104509,1,Oldowan,Oldowan,Flaked,35973.58,-1.17498642707936,-.0275875979347459,.0555963571042971
EG10,EG10,1335,40,cobble,158,68.2,55.7,33.2,49.9,53.1,33.2,32.2,33,28,9,22.9444444444444,40.4928094420929,1.68424964678062,1.2323175568087,1.31134393319723,.819898655031037,.79520291240962,.814959506506753,.69148079339967,1,Oldowan,Oldowan,Flaked,15824.44,-.879129308510811,.491613303454388,.113748101038647
EG10,EG10,1125,40,cobble,212,85.3,65.8,35,56.6,64.9,54.1,26.2,34.8,24.4,10,21.89,45.0591028906404,1.89306920306481,1.25612798233843,1.44033049564955,1.20064529760617,.581458535994116,.772318971473101,.541511002986887,1,Oldowan,Oldowan,Flaked,21802.48,-.0374733487371765,1.24533069867531,.0917326836213128
EG10,EG10,1184,30,cobble,338,104.7,71.4,50.8,45.7,67.2,38.8,38.7,48.3,41.7,11,25.0181818181818,51.588291755425,2.0295302759078,.885859919856606,1.30262115129899,.752108640928585,.750170216596295,.936258952496151,.808322946565,1,Oldowan,Oldowan,Flaked,32842.92,-.645867136654649,-.55582198484143,.0669855177310665
EG10,EG10,72,40,indet,96,70.1,52.3,29.6,49.3,47.9,41.1,30.3,31.2,17.2,8,30.425,37.8177268137236,1.85362807091201,1.30362145358006,1.26660177741349,1.08679192174727,.801211562747988,.825009925997928,.454813164332191,1,Oldowan,Oldowan,Flaked,14578.54,-.32718218706871,.61261050635087,.109750359089456
EG10,EG10,205,55,cobble,232,70.6,65.1,61.6,50,61.2,33.6,53.5,57.9,38.2,10,36.42,50.681748289879,1.39300640530782,.986548445685424,1.20753529751896,.662960555500605,1.0556068368834,1.14242310010372,.753723012503664,1,Oldowan,Oldowan,Flaked,25910.36,-1.98017244688445,-.130121357163731,.0771892015394614
EG10,EG10,1545,35,cobble,452,84.5,68.4,66.1,65.4,66.5,57.6,51.8,63,42.4,10,32.81,60.3891963684084,1.39925690490236,1.08297516663449,1.10119034527819,.953812990797348,.857769321585115,1.0432329586846,.702112340448048,1,Oldowan,Oldowan,Flaked,31772.98,-1.67973180126547,.600474119393765,.0629465665480544
EG10,EG10,1559,25,cobble,228,80,56.3,34.6,52.1,49.8,44.8,34.4,34.5,33.5,10,21.99,44.9315146322477,1.78048749646609,1.15954248207354,1.10835346655014,.997072998021008,.765609623480417,.767835232851,.745579139145174,1,Oldowan,Oldowan,Flaked,18439.96,-.807767198773969,.389033501689836,.108460105119534
EG10,EG10,303,20,cobble,134,63.5,50.8,34.6,49.4,46.6,41.1,24.7,32.5,33.6,9,22.3888888888889,39.9372619030385,1.58999382967636,1.23694008166948,1.16683011752627,1.02911411653068,.618470040834742,.813776369519397,.841319569718515,1,Oldowan,Oldowan,Flaked,14361.16,-1.04332736888887,1.04988185996868,.125338064613165
EG10,EG10,1171,60,flake,158,86.3,61.5,39.8,57.9,60.1,27,30.4,34,23,11,42.8181818181818,40.9396372588154,2.10798154987114,1.4142773086621,1.46801496115012,.659507553262118,.742556652561792,.830490992996741,.561802730556619,1,Oldowan,Oldowan,Flaked,22379.78,.0581996757669439,-.220885769498137,.0983030217455221
EG10,EG10,1223,50,cobble,166,82,57.7,38.9,50.4,57.1,48.5,26.9,38.3,20.5,7,36.1428571428571,42.2853172187078,1.93920739853695,1.19190308397881,1.35035051776171,1.14697022962246,.636154622202975,.905751748341039,.484801849634237,1,Oldowan,Oldowan,Flaked,20331.46,-.147116149682517,.712302828410684,.0688588030569374
EG10,EG10,1215,30,cobble,206,78,53.2,45.5,48.4,51.2,43.4,31.9,45,40.8,10,24.14,46.7944897853361,1.66686292248971,1.03430981344233,1.09414591835222,.927459626103247,.681704195223354,.961651686051754,.871897528686923,1,Oldowan,Oldowan,Flaked,20238.4,-1.25267279390167,.293507916660724,.0988220412680844
EG10,EG10,1533,80,cobble,196,80.4,56,56.8,48.3,47,36.7,36.5,49.6,25.8,15,35.5533333333333,43.8727117111552,1.83257420989451,1.10091211863066,1.07128094359505,.836510864466774,.831952222153604,1.13054329366627,.588064858398986,1,Oldowan,Oldowan,Flaked,24499.84,-.987639345902231,-.505080746646125,.122449779263865
EG10,EG10,316,30,cobble,272,84.3,64.2,58.9,56.3,53.7,42.9,42,62.4,45.9,8,27.6125,53.8626517211332,1.56509190146174,1.04525117499758,.996980250397338,.796470255904019,.779761089696242,1.15850219040585,.852167476596607,1,Oldowan,Oldowan,Flaked,28317.42,-1.68479475162538,-.171774334948137,.0565023225985983
EG10,EG10,1121,30,cobble,134,79.6,43.9,42.6,42.4,41.3,30.4,33.6,38,25.3,5,32.66,38.9858102758098,2.04176851620783,1.08757518953784,1.05935979546964,.779770890612035,.861852036992249,.974713613265044,.648954063568569,1,Oldowan,Oldowan,Flaked,17511.08,-.644569188358947,-.902709053475359,.0571067004433764
EG10,EG10,4103,20,flake,114,64.1,58.8,36.8,58,56,36.8,32.2,35.6,26.3,4,28.55,42.0115852694945,1.52576960828337,1.38057156443737,1.33296564842229,.875948854677503,.766455247842815,.847385305068454,.626017795598324,1,Oldowan,Oldowan,Flaked,16583.6,-.986271854500124,1.00513730964891,.0482404303046383
EG10,EG10,MAR_2004,35,flake,406,86,84.1,67,57.5,84,42,50,65.4,36.2,5,44.58,57.4485064330278,1.49699279127921,1.00089634300645,1.46217900543551,.731089502717754,.870344646092565,1.13841079708907,.630129523771017,1,Oldowan,Oldowan,Flaked,37258.6,-1.43210284848871,.353987558130389,.0268394410954786
DAN5_S,DAN5,18,5,cobble,530,122.15,74.11,60.34,71.02,72.01,39.63,56.1,59.63,32.84,6,22.3333333333333,59.7530754564458,2.04424624284043,1.18855806931254,1.2051262541706,.663229460530218,.938863808623398,.997940265743551,.549595142160292,2,Pick,Acheulean,Flaked,41789.7298,-.526337651601829,-.965860594764858,.0287151892520731
DAN5_S,DAN5,19,30,flake,502,137.28,84.05,48.05,74.67,83.14,62.28,28.86,44.47,18.19,12,28.9666666666667,53.4056107292196,2.57051643311497,1.39816770149107,1.55676526988038,1.16616960558275,.540392659234397,.832684045604769,.34060091723748,2,Handaxe,Acheulean,Flaked,44346.581,1.34920158643901,.151657342615103,.0541191664809515
DAN5_S,DAN5,20,35,flake,378,133.75,86.17,39.51,70.86,80.91,64.57,35.22,39.66,19.71,5,69.18,54.138732950828,2.47050480700166,1.3088595934515,1.4944937864262,1.1926766010325,.650550873290457,.732562397350923,.364064670998152,2,Handaxe,Acheulean,Flaked,40428.5534,1.09114703055842,.22006939648548,.0247349933623893
DAN5_S,DAN5,25,10,flake,360,122.3,90,35.6,79,90,76.1,34.1,23.5,13.5,7,31.3857142857143,49.3796609286169,2.47672822575263,1.59984897656957,1.82261275811723,1.54112034325246,.69056772279775,.475904442397277,.273391913717584,2,Knife,Acheulean,Flaked,37129.76,1.8359273907643,1.66115614455011,.0377056032681062
DAN5_S,DAN5,30,5,flake,462,130.96,96.84,48.41,96.84,81.1,54.03,22.34,45.79,47.45,3,47.6666666666667,59.6827012479054,2.19427065568008,1.62258071392837,1.35885270445674,.905287442932154,.374312816492769,.76722398689364,.795037741386836,2,Knife,Acheulean,Flaked,47419.9288,.424141670339312,.513954660310329,.0126529080743791
DAN5_S,DAN5,32,0,flake,118,105.4,61.6,24,56.6,57.2,54,24.3,20,17.2,0, ,39.6488158274999,2.65833916600596,1.42753317643204,1.44266603695959,1.36195744747933,.6128808513657,.504428684251605,.43380866845638,2,Large Flake,Acheulean,Unmodified,21001.28,1.61759462094485,.439031262315882,0
DAN5_S,DAN5,36,80,cobble,352,80.11,77.7,64.56,66.18,77.16,36.91,59.45,62.93,50.11,12,47.0333333333333,60.0953039407942,1.33304925254932,1.10125077435669,1.28396055831614,.614191086151485,.98926199056369,1.04717000952352,.833842192550824,1,Core,Acheulean,Flaked,32825.5212,-1.95290804133308,.234538942006064,.0731138428961183
DAN5_S,DAN5,37,50,flake,496,124.52,92.04,46.5,89.46,90.7,73.76,27.75,44.12,33.2,13,37.5846153846154,60.6802748730944,2.05206717109339,1.47428468620314,1.49471966285071,1.21555151413306,.457315001588834,.727089652976553,.547130019918893,2,Handaxe,Acheulean,Flaked,43061.7216,.473952181522239,1.36463219596814,.0603784498945811
DAN5_S,DAN5,41,10,flake,348,126.71,90.31,35.21,72.47,90,56.22,28,35.13,21.41,4,38.35,51.6340842166331,2.45399917365402,1.40353026686692,1.74303469046533,1.08881566997734,.542277459255881,.680364540844968,.414648585809586,2,Knife,Acheulean,Flaked,38168.9086,1.28615377457764,.631386792686358,.0209594675180207
DAN5_S,DAN5,45,30,cobble,684,117.08,82.05,74.13,66.05,82,54.35,74.29,73.05,42.76,4,46.75,69.7075151282935,1.67958934964931,.947530547867587,1.17634375359791,.779686378146909,1.06573874944865,1.04795013658936,.613420230534716,1,Core,Acheulean,Flaked,48735.8418,-1.35889494667005,-.44874953259194,.0164150237372118
DAN5_S,DAN5,2-3,10,flake,208,93.7,69,34.7,68.3,66.3,57.4,15.4,30.5,33.2,3,32.9,45.1045778806059,2.07739445534838,1.51425871184946,1.46991731472356,1.27259809751331,.341428757869425,.676206306169965,.736067192289929,2,Knife,Acheulean,Flaked,24221.98,.518229303654192,1.59602726754532,.024770889910734
DAN5_S,DAN5,2016-6,100,indet,178,100.28,56.54,42.24,52.15,51.5,39.11,32.86,28.9,16.66,20,33.07,40.0972759016241,2.50091802360914,1.300587105417,1.28437652788064,.975377980687608,.819507042838016,.720747216616514,.415489571931873,2,Handaxe,Acheulean,Flaked,24587.816,.788493905596012,-.690167546589952,.162682199996942
DAN5_S,DAN5,2006-1,30,flake,246,104.4,67.12,38.66,60.1,63.53,32.12,27.44,37.67,22.73,5,56.88,43.6273024643299,2.39299691025725,1.37757772324196,1.45619821560003,.736236214151944,.62896393886455,.863450130358148,.521004020786852,2,Handaxe,Acheulean,Flaked,27276.5824,.601332087940171,-.56032155968058,.0366614843947605
DAN5_S,DAN5,2014-3,5,flake,466,126.94,96.87,44.43,74.13,95.55,70.11,26.69,42.21,41.98,3,37.9666666666667,60.5422422952374,2.09671784835736,1.22443433195786,1.57823688680121,1.15803441270155,.440849215161949,.697199152191303,.693400151835842,2,Knife,Acheulean,Flaked,44481.1122,.3764651496092,1.19164868731546,.0134888713506584
DAN5_S,DAN5,2016_30MN,25,flake,272,114.3,69,40,69,65.5,47.8,32.2,39,24,5,47.84,49.6542704604608,2.3019168127949,1.38960857465309,1.31912118318518,.962656374904605,.648484001504776,.785430933499573,.483342112922814,2,Knife,Acheulean,Flaked,30437.4,.523459068037201,-.113426681957811,.0328543173858477
DAN5_MAIN,DAN5,1,25,cobble,286,119.85,78.82,36.94,69.84,75.47,33.21,27.63,31.65,22.76,9,25.8555555555556,45.7195307740933,2.62141797981689,1.52757473266927,1.65071685387385,.726385407673917,.604336910991579,.69226432257993,.497817882525094,2,Handaxe,Acheulean,Flaked,33570.8936,1.31679601170555,-.455948586810455,.053617875694557
DAN5_MAIN,DAN5,6,70,cobble,382,99.75,79.38,62.73,79.06,56.33,26.68,57.26,57.6,32.3,10,48.21,53.5492128738506,1.8627724787475,1.47639891899526,1.05192956118142,.49823328053116,1.06929676323891,1.07564606291585,.603183469308713,1,Core,Acheulean,Flaked,38309.9598,-.984136660812656,-1.16813214116119,.052205745201539
DAN5_MAIN,DAN5,8,25,flake,316,109.84,76.22,48.32,73.47,66.26,55.71,42.48,46.27,22.61,5,46.56,53.9127380960025,2.03736637906255,1.36275771913443,1.22902309064716,1.03333649833917,.787939947037299,.858238732330882,.419381407780446,2,Knife,Acheulean,Flaked,34724.848,-.0280775423746925,.141954207195534,.0287978222395675
DAN5_MAIN,DAN5,9,75,cobble,394,106.44,88.91,58.07,81.24,87.12,35.29,56.58,29.12,26.02,10,46.51,52.7716707962419,2.01699128327732,1.53946234360625,1.65088576286283,.668730011150474,1.07216616692813,.551811219175455,.493067579771475,2,Pick,Acheulean,Flaked,41615.1098,.152217669663364,.194480752881858,.0480594670928875
DAN5_MAIN,DAN5,10,25,flake,202,106.23,68.8,32.01,54.7,62.67,44.36,26.84,32.5,17.62,7,35.4428571428571,42.4473980377686,2.50262689612869,1.28865378158938,1.47641558486666,1.0450581672999,.632312020070546,.765653526538478,.415102004234092,2,Handaxe,Acheulean,Flaked,25822.6686,1.01052229002212,-.151782243212577,.0542159302621419
DAN5_MAIN,DAN5,17,5,flake,274,120.2,83.92,29.49,78.04,72.94,53.49,25.95,29.44,17.43,6,21.8166666666667,46.7401796355811,2.57166320149308,1.66965554279966,1.56054171311901,1.14441151953298,.555196839257449,.62986493054872,.372912559085061,2,Handaxe,Acheulean,Flaked,32213.3656,1.57983657136281,.460102158026396,.0372516183158459
DAN5_MAIN,DAN5,1-1,95,indet,214,107.6,61.68,47.69,58.24,57.63,35.7,37.7,46.11,18.14,16,38.375,45.5455885352023,2.36246809977734,1.27871879303933,1.26532561886773,.783830029387092,.827742075851355,1.01239223123358,.398282261430864,2,Handaxe,Acheulean,Flaked,29419.4624,.288671444849829,-1.10195808386061,.108771532140574
DAN5_MAIN,DAN5,2012-1,95,cobble,222,87.72,73.39,54.3,62.81,67.83,38.88,41.85,50.5,30.87,15,35.9,51.4009658816691,1.7065827167906,1.22196147334266,1.31962500775087,.756406019480377,.81418703485735,.982471810281868,.60057237194854,1,Core,Acheulean,Flaked,30372.0876,-.917148284664023,.157814059861197,.0987749027827774
DAN5_MAIN,DAN5,2012-2,15,flake,574,133.55,100.81,57.63,95.54,86.65,63.27,50.86,41.59,20.67,11,29.1,60.7635362497303,2.19786418372899,1.57232455345165,1.42601970438126,1.04124947139298,.837015143275599,.684456543626271,.340171117017433,2,Handaxe,Acheulean,Flaked,53938.6846,.618816702598861,.364380950667068,.0407870532311795
DAN5_MAIN,DAN5,2012-3,90,cobble,154,74,59.28,48.32,42.6,55.23,32.5,39.48,43.9,30.51,8,55.2125,43.5939506121302,1.69748322785431,.977199804143156,1.26691890100532,.745516282503581,.905630241022812,1.0070204554433,.699867747051824,1,Core,Acheulean,Flaked,21653.6192,-1.22356997150564,-.184937642754714,.0738906501135847
DAN5_MAIN,DAN5,2012-4,15,flake,926,170.39,97.03,46.06,94.02,95.02,64.94,45.76,40.36,29.76,8,40.975,65.9621096601075,2.58314964269629,1.42536375025709,1.44052396883034,.984504594146939,.693731601911979,.611866421616422,.451168104739959,2,Handaxe,Acheulean,Flaked,57700.6138,1.20318942392296,-.294675003737903,.0277293410698518
DAN5_MAIN,DAN5,50,80,cobble,732,174.08,90.27,58.2,80.53,58.46,34.99,57.57,55.88,27.54,31,37.4645161290323,59.1741830027426,2.94182346365359,1.36089753864903,.987930834588633,.591305164253443,.972890491742518,.944330739596524,.465405665148323,2,Pick,Acheulean,Flaked,62198.7432,.957101347255066,-2.94091124026277,.0996804707140771
DAN5_MAIN,DAN5,51,60,cobble,1216,165,97.5,76.5,84.6,90.6,69.5,70,75.2,37.2,12,58.575,77.7736182941866,2.12154202953334,1.08777245877891,1.16491944167103,.893619218500407,.900048133741418,.966908852247923,.478311293931153,2,Handaxe,Acheulean,Flaked,72337.5,-.295502685583041,-.744323050440852,.033177812337999
DAN5_MAIN,DAN5,53,80,cobble,1320,206.06,107,66.6,103.99,91.73,60.88,65.16,59.52,41.22,13,74.5461538461538,78.956709761457,2.60978453411427,1.31705082841184,1.16177586777784,.771055432577293,.825262351950335,.753830803991467,.522058228167477,2,Pick,Acheulean,Flaked,85796.432,.714851264525222,-1.4495140620434,.0303042905094235
DAN5_MAIN,DAN5,54,5,flake,446,125.7,114.4,37.7,91.5,108.4,89.3,20.8,35.8,37.7,3,32.0666666666667,60.9521824656457,2.06227234063108,1.50117676346654,1.77844329136364,1.46508289592964,.341251111257967,.587345662645924,.618517639155066,2,Knife,Acheulean,Flaked,46863.7,.909164081015259,2.46296401765788,.0128030863973609
DAN5_MAIN,DAN5,55,35,cobble,770,151.97,94.38,49.85,85.27,92.46,54.19,46.47,49,38,9,58.1555555555556,66.277863800322,2.29292242215057,1.28655323377495,1.39503590940345,.817618385578334,.701139073220616,.739311697607278,.573343765491358,2,Handaxe,Acheulean,Flaked,53246.9522,.382223608155449,-.326993341870109,.0338047517393869
DAN5_MAIN,DAN5,49,65,indet,344,120.1,73.25,43.22,69.13,69.05,48.36,42.04,36.8,18.07,17,35.3882352941176,49.94309585138,2.4047367899938,1.38417530634697,1.38257348333948,.968302008027477,.841757990435796,.736838583445226,.361811771816718,2,Handaxe,Acheulean,Flaked,34307.824,.752015116803818,-.380286058143527,.0991027586010701
DAN5_MAIN,DAN5,35,75,indet,582,144.39,87.51,54.44,79.11,78.89,59.74,42.83,48.2,23.94,15,45.4933333333333,59.5657232168015,2.42404510853437,1.32811280930919,1.32441941001646,1.00292578976275,.719037689580492,.809190208680357,.401908995763646,2,Handaxe,Acheulean,Flaked,50520.4098,.720818628668958,-.401162675123214,.0593819411179836
DAN5_A,DAN5,1-5,75,cobble,608,129.3,92.2,56.2,77,89.2,58,47.1,54.7,35.7,18,43.3444444444444,64.6835844250228,1.99896157810915,1.19041022052904,1.37902067105442,.89667263364525,.728160018011918,.845655052765434,.551917465881645,2,Handaxe,Acheulean,Flaked,48739.52,-.195614396165647,.148818116307903,.0738620322891978
DAN5_A,DAN5,14,80,cobble,64,47.8,38.2,35.6,35.7,37.7,25.7,26.9,38,32.3,10,28.87,34.1879226085876,1.39815456315539,1.04422840804702,1.10272859897402,.751727453411997,.786827567968199,1.11150362761307,.944778083471109,1,Core,Acheulean,Flaked,9775.12,-1.94553473292986,.243191087408316,.204601068835984
DAN5_A,DAN5,13,65,cobble,344,85.6,71,53,66.1,70.3,53.2,53,52,39.6,9,42.9888888888889,58.3736237308656,1.46641572903993,1.13236074403668,1.20431104849892,.91137052318837,.907944318213978,.890813293342016,.678388584929689,1,Core,Acheulean,Flaked,28754.8,-1.41460449983022,.65837416470446,.0625982444670107
DAN5_A,DAN5,1,95,cobble,130,64.1,52.6,50.4,38.2,54.5,20,35.3,48.7,41,15,34.6333333333333,40.7975074620603,1.57117441695696,.936331711821467,1.33586592393377,.490226027131658,.865248937887377,1.19370037606559,1.0049633556199,1,Core,Acheulean,Flaked,18506.68,-1.79195672053778,-.454653777755948,.162103629608336
DAN5_A,DAN5,1-1,55,cobble,584,156,84.6,62,83,68.7,39.6,59.5,47.3,22,15,43.24,57.8981993536331,2.69438431145633,1.4335506272492,1.18656539869904,.683959094446607,1.02766581110033,.816951140589003,.37997727469256,2,Pick,Acheulean,Flaked,56229.6,.858641922356959,-1.94268345394245,.0533526825728798
DAN5_A,DAN5,2015_4,20,cobble,354,90.6,78.6,40,74.6,72.2,62.1,40,39.5,34.5,8,32.4875,55.6447982489051,1.62818453568178,1.34064642783511,1.29751571165811,1.1160072810799,.718845269616681,.709859703746473,.620004045044388,1,Core,Acheulean,Flaked,27778.32,-.647909024355847,1.3551300120153,.0575988756699469
DAN5_A,DAN5,2015_5,40,cobble,382,99.1,72.9,55,67.5,70,56.2,56,46.1,31.2,8,47.775,57.662520029724,1.71862069068289,1.17060440586372,1.21396012459941,.974636557178387,.971168099679532,.799479453486186,.541079369821454,1,Core,Acheulean,Flaked,33368.78,-.831188001305731,.351164408194987,.0479490110216795
DAN5_A,DAN5,2015_2,20,flake,388,142.5,87.5,36.1,80,87,59.5,25,35.6,24.4,6,40.3333333333333,53.6629340988716,2.65546419317009,1.49078691546391,1.621230770567,1.10877276837628,.465870911082472,.663400177381441,.454690009216493,2,Handaxe,Acheulean,Flaked,41543.5,1.61842828721531,.282177029795474,.0288853851986472
